,year,month,hadcrut4,gistemp,noaa,berkeley,cowtan_way
0,1850,1,-0.808,,,-0.932,-0.903
1,1850,2,-0.394,,,-0.418,-0.306
2,1850,3,-0.84,,,-0.576,-0.556
3,1850,4,-0.671,,,-0.885,-0.683
4,1850,5,-0.435,,,-0.903,-0.63
5,1850,6,-0.321,,,-0.543,-0.403
6,1850,7,-0.233,,,-0.382,-0.162
7,1850,8,-0.345,,,-0.379,-0.127
8,1850,9,-0.547,,,-0.664,-0.418
9,1850,10,-0.559,,,-0.826,-0.749
10,1850,11,-0.295,,,-0.795,-0.588
11,1850,12,-0.365,,,-0.743,-0.538
12,1851,1,-0.404,,,-0.444,-0.283
13,1851,2,-0.464,,,-0.697,-0.543
14,1851,3,-0.587,,,-0.827,-0.843
15,1851,4,-0.549,,,-0.881,-0.808
16,1851,5,-0.403,,,-0.561,-0.312
17,1851,6,-0.305,,,-0.402,-0.19
18,1851,7,-0.32,,,-0.38,-0.171
19,1851,8,-0.265,,,-0.468,-0.183
20,1851,9,-0.209,,,-0.579,-0.18
21,1851,10,-0.165,,,-0.341,-0.174
22,1851,11,-0.128,,,-0.551,-0.23
23,1851,12,-0.159,,,-0.367,-0.174
24,1852,1,-0.423,,,-0.468,-0.608
25,1852,2,-0.585,,,-0.724,-0.605
26,1852,3,-0.61,,,-0.936,-0.789
27,1852,4,-0.665,,,-0.779,-0.816
28,1852,5,-0.319,,,-0.41,-0.227
29,1852,6,-0.148,,,-0.331,-0.113
30,1852,7,-0.126,,,-0.22,-0.08
31,1852,8,-0.31,,,-0.537,-0.313
32,1852,9,-0.233,,,-0.557,-0.217
33,1852,10,-0.324,,,-0.414,-0.281
34,1852,11,-0.301,,,-0.751,-0.519
35,1852,12,-0.035,,,-0.147,0.055
36,1853,1,-0.29,,,-0.563,-0.385
37,1853,2,-0.435,,,-0.679,-0.501
38,1853,3,-0.417,,,-0.701,-0.599
39,1853,4,-0.463,,,-0.64,-0.563
40,1853,5,-0.376,,,-0.513,-0.362
41,1853,6,-0.283,,,-0.399,-0.296
42,1853,7,-0.167,,,-0.194,-0.035
43,1853,8,-0.256,,,-0.326,-0.157
44,1853,9,-0.512,,,-0.623,-0.46
45,1853,10,-0.47,,,-0.75,-0.577
46,1853,11,-0.363,,,-0.845,-0.725
47,1853,12,-0.545,,,-0.593,-0.58
48,1854,1,-0.473,,,-0.761,-0.619
49,1854,2,-0.39,,,-0.811,-0.577
50,1854,3,-0.394,,,-0.549,-0.357
51,1854,4,-0.461,,,-0.651,-0.45
52,1854,5,-0.341,,,-0.533,-0.513
53,1854,6,-0.327,,,-0.655,-0.491
54,1854,7,-0.335,,,-0.366,-0.268
55,1854,8,-0.275,,,-0.398,-0.158
56,1854,9,-0.227,,,-0.511,-0.15
57,1854,10,-0.3,,,-0.183,-0.104
58,1854,11,-0.475,,,-0.506,-0.432
59,1854,12,-0.341,,,-0.427,-0.418
60,1855,1,-0.277,,,-0.297,-0.211
61,1855,2,-0.509,,,-0.38,-0.525
62,1855,3,-0.414,,,-0.534,-0.499
63,1855,4,-0.331,,,-0.323,-0.186
64,1855,5,-0.446,,,-0.478,-0.354
65,1855,6,-0.275,,,-0.499,-0.265
66,1855,7,-0.379,,,-0.532,-0.356
67,1855,8,-0.271,,,-0.459,-0.232
68,1855,9,-0.444,,,-0.737,-0.498
69,1855,10,-0.325,,,-0.566,-0.352
70,1855,11,-0.322,,,-0.556,-0.406
71,1855,12,-0.626,,,-0.752,-0.614
72,1856,1,-0.23,,,-0.316,-0.29
73,1856,2,-0.484,,,-0.695,-0.637
74,1856,3,-0.636,,,-0.68,-0.665
75,1856,4,-0.488,,,-0.58,-0.508
76,1856,5,-0.237,,,-0.573,-0.383
77,1856,6,-0.399,,,-0.378,-0.247
78,1856,7,-0.412,,,-0.551,-0.364
79,1856,8,-0.417,,,-0.786,-0.406
80,1856,9,-0.569,,,-0.96,-0.661
81,1856,10,-0.499,,,-0.896,-0.598
82,1856,11,-0.716,,,-0.798,-0.729
83,1856,12,-0.557,,,-0.634,-0.574
84,1857,1,-0.621,,,-0.766,-0.822
85,1857,2,-0.453,,,-0.704,-0.537
86,1857,3,-0.542,,,-0.746,-0.646
87,1857,4,-0.757,,,-1.079,-0.925
88,1857,5,-0.678,,,-1.036,-0.856
89,1857,6,-0.418,,,-0.814,-0.395
90,1857,7,-0.649,,,-0.728,-0.539
91,1857,8,-0.437,,,-0.731,-0.319
92,1857,9,-0.501,,,-0.762,-0.464
93,1857,10,-0.582,,,-0.766,-0.57
94,1857,11,-0.776,,,-0.766,-0.751
95,1857,12,-0.466,,,-0.573,-0.395
96,1858,1,-0.636,,,-0.483,-0.531
97,1858,2,-0.816,,,-0.763,-0.69
98,1858,3,-0.656,,,-0.552,-0.653
99,1858,4,-0.62,,,-0.552,-0.454
100,1858,5,-0.761,,,-0.729,-0.671
101,1858,6,-0.69,,,-0.641,-0.581
102,1858,7,-0.437,,,-0.73,-0.434
103,1858,8,-0.386,,,-0.691,-0.431
104,1858,9,-0.44,,,-0.789,-0.503
105,1858,10,-0.319,,,-0.575,-0.357
106,1858,11,-0.751,,,-0.47,-0.628
107,1858,12,-0.412,,,-0.783,-0.518
108,1859,1,-0.416,,,-0.668,-0.665
109,1859,2,-0.297,,,-0.725,-0.573
110,1859,3,-0.435,,,-0.546,-0.571
111,1859,4,-0.303,,,-0.336,-0.233
112,1859,5,-0.415,,,-0.357,-0.366
113,1859,6,-0.356,,,-0.546,-0.361
114,1859,7,-0.382,,,-0.684,-0.483
115,1859,8,-0.208,,,-0.738,-0.346
116,1859,9,-0.673,,,-0.926,-0.789
117,1859,10,-0.357,,,-0.638,-0.386
118,1859,11,-0.423,,,-0.544,-0.457
119,1859,12,-0.471,,,-0.479,-0.468
120,1860,1,-0.289,,,-0.579,-0.581
121,1860,2,-0.534,,,-0.593,-0.639
122,1860,3,-0.75,,,-1.008,-1.104
123,1860,4,-0.44,,,-0.668,-0.589
124,1860,5,-0.401,,,-0.531,-0.48
125,1860,6,-0.417,,,-0.532,-0.464
126,1860,7,-0.217,,,-0.48,-0.237
127,1860,8,-0.29,,,-0.413,-0.269
128,1860,9,-0.325,,,-0.462,-0.255
129,1860,10,-0.303,,,-0.541,-0.392
130,1860,11,-0.623,,,-0.789,-0.748
131,1860,12,-0.87,,,-1.199,-1.097
132,1861,1,-1.001,,,-1.416,-1.243
133,1861,2,-0.616,,,-1.053,-0.933
134,1861,3,-0.572,,,-0.936,-0.663
135,1861,4,-0.494,,,-0.723,-0.421
136,1861,5,-0.876,,,-0.707,-0.745
137,1861,6,-0.297,,,-0.647,-0.412
138,1861,7,-0.329,,,-0.585,-0.52
139,1861,8,-0.202,,,-0.491,-0.176
140,1861,9,-0.438,,,-0.654,-0.425
141,1861,10,-0.47,,,-0.727,-0.571
142,1861,11,-0.525,,,-0.555,-0.625
143,1861,12,-0.355,,,-0.688,-0.539
144,1862,1,-0.85,,,-1.102,-1.049
145,1862,2,-0.888,,,-0.906,-0.773
146,1862,3,-0.511,,,-0.676,-0.715
147,1862,4,-0.348,,,-0.809,-0.709
148,1862,5,-0.333,,,-0.574,-0.564
149,1862,6,-0.444,,,-0.61,-0.425
150,1862,7,-0.452,,,-0.659,-0.447
151,1862,8,-0.808,,,-0.76,-0.722
152,1862,9,-0.528,,,-0.878,-0.496
153,1862,10,-0.528,,,-0.747,-0.586
154,1862,11,-0.874,,,-0.931,-0.77
155,1862,12,-0.995,,,-1.25,-1.169
156,1863,1,0.014,,,-0.421,-0.443
157,1863,2,-0.132,,,-0.461,-0.486
158,1863,3,-0.473,,,-0.645,-0.653
159,1863,4,-0.352,,,-0.569,-0.467
160,1863,5,-0.437,,,-0.498,-0.474
161,1863,6,-0.51,,,-0.688,-0.541
162,1863,7,-0.531,,,-0.681,-0.383
163,1863,8,-0.434,,,-0.689,-0.469
164,1863,9,-0.424,,,-0.756,-0.432
165,1863,10,-0.492,,,-0.717,-0.575
166,1863,11,-0.437,,,-0.671,-0.59
167,1863,12,-0.449,,,-0.71,-0.541
168,1864,1,-1.049,,,-0.873,-1.009
169,1864,2,-0.74,,,-0.732,-0.767
170,1864,3,-0.615,,,-0.668,-0.639
171,1864,4,-0.656,,,-0.731,-0.7
172,1864,5,-0.562,,,-0.465,-0.412
173,1864,6,-0.273,,,-0.415,-0.272
174,1864,7,-0.267,,,-0.524,-0.349
175,1864,8,-0.419,,,-0.638,-0.452
176,1864,9,-0.553,,,-0.758,-0.584
177,1864,10,-0.814,,,-0.563,-0.725
178,1864,11,-0.58,,,-0.641,-0.471
179,1864,12,-0.723,,,-0.715,-0.748
180,1865,1,-0.209,,,-0.185,-0.35
181,1865,2,-0.723,,,-0.618,-0.595
182,1865,3,-0.754,,,-0.73,-0.842
183,1865,4,-0.344,,,-0.731,-0.585
184,1865,5,-0.373,,,-0.55,-0.469
185,1865,6,-0.393,,,-0.545,-0.331
186,1865,7,-0.244,,,-0.477,-0.373
187,1865,8,-0.318,,,-0.467,-0.342
188,1865,9,-0.193,,,-0.496,-0.288
189,1865,10,-0.378,,,-0.468,-0.367
190,1865,11,-0.308,,,-0.457,-0.477
191,1865,12,-0.45,,,-0.761,-0.538
192,1866,1,-0.071,,,-0.219,-0.343
193,1866,2,-0.324,,,-0.578,-0.455
194,1866,3,-0.704,,,-0.686,-0.688
195,1866,4,-0.373,,,-0.75,-0.659
196,1866,5,-0.638,,,-0.583,-0.643
197,1866,6,-0.01,,,-0.462,-0.169
198,1866,7,-0.09,,,-0.151,-0.113
199,1866,8,-0.381,,,-0.443,-0.34
200,1866,9,-0.34,,,-0.626,-0.505
201,1866,10,-0.533,,,-0.599,-0.513
202,1866,11,-0.417,,,-0.42,-0.362
203,1866,12,-0.442,,,-0.205,-0.35
204,1867,1,-0.421,,,-0.391,-0.431
205,1867,2,-0.101,,,-0.581,-0.533
206,1867,3,-0.822,,,-0.607,-0.816
207,1867,4,-0.374,,,-0.445,-0.563
208,1867,5,-0.654,,,-0.731,-0.719
209,1867,6,-0.412,,,-0.528,-0.511
210,1867,7,-0.355,,,-0.527,-0.419
211,1867,8,-0.342,,,-0.625,-0.506
212,1867,9,-0.211,,,-0.46,-0.27
213,1867,10,-0.294,,,-0.256,-0.283
214,1867,11,-0.422,,,0.001,-0.217
215,1867,12,-0.736,,,-0.338,-0.483
216,1868,1,-0.808,,,-0.729,-0.822
217,1868,2,-0.579,,,-0.889,-0.846
218,1868,3,-0.187,,,-0.594,-0.499
219,1868,4,-0.489,,,-0.392,-0.431
220,1868,5,-0.185,,,-0.3,-0.309
221,1868,6,-0.286,,,-0.392,-0.282
222,1868,7,0.03,,,-0.181,-0.042
223,1868,8,-0.149,,,-0.311,-0.195
224,1868,9,-0.31,,,-0.437,-0.343
225,1868,10,-0.346,,,-0.217,-0.256
226,1868,11,-0.613,,,-0.567,-0.449
227,1868,12,-0.239,,,-0.343,-0.274
228,1869,1,-0.357,,,-0.437,-0.457
229,1869,2,0.15,,,-0.279,-0.062
230,1869,3,-0.699,,,-0.664,-0.774
231,1869,4,-0.329,,,-0.53,-0.483
232,1869,5,-0.389,,,-0.436,-0.435
233,1869,6,-0.484,,,-0.43,-0.436
234,1869,7,-0.401,,,-0.522,-0.485
235,1869,8,-0.192,,,-0.427,-0.248
236,1869,9,-0.304,,,-0.334,-0.317
237,1869,10,-0.525,,,-0.418,-0.365
238,1869,11,-0.479,,,-0.424,-0.351
239,1869,12,-0.466,,,-0.661,-0.622
240,1870,1,-0.19,,,-0.499,-0.379
241,1870,2,-0.561,,,-0.696,-0.657
242,1870,3,-0.508,,,-0.552,-0.581
243,1870,4,-0.314,,,-0.526,-0.455
244,1870,5,-0.276,,,-0.452,-0.442
245,1870,6,-0.324,,,-0.385,-0.315
246,1870,7,-0.09,,,-0.337,-0.153
247,1870,8,-0.367,,,-0.531,-0.419
248,1870,9,-0.372,,,-0.448,-0.334
249,1870,10,-0.511,,,-0.57,-0.479
250,1870,11,-0.278,,,-0.56,-0.451
251,1870,12,-0.828,,,-0.802,-0.801
252,1871,1,-0.636,,,-0.701,-0.7
253,1871,2,-0.656,,,-0.777,-0.704
254,1871,3,-0.105,,,-0.506,-0.377
255,1871,4,-0.247,,,-0.305,-0.331
256,1871,5,-0.417,,,-0.522,-0.51
257,1871,6,-0.33,,,-0.476,-0.343
258,1871,7,-0.121,,,-0.402,-0.177
259,1871,8,-0.329,,,-0.432,-0.327
260,1871,9,-0.561,,,-0.594,-0.481
261,1871,10,-0.588,,,-0.494,-0.545
262,1871,11,-0.646,,,-0.727,-0.665
263,1871,12,-0.669,,,-0.543,-0.577
264,1872,1,-0.418,,,-0.692,-0.697
265,1872,2,-0.513,,,-0.644,-0.637
266,1872,3,-0.578,,,-0.518,-0.594
267,1872,4,-0.258,,,-0.545,-0.506
268,1872,5,-0.149,,,-0.405,-0.281
269,1872,6,-0.313,,,-0.511,-0.426
270,1872,7,-0.221,,,-0.343,-0.198
271,1872,8,-0.135,,,-0.276,-0.126
272,1872,9,-0.236,,,-0.385,-0.272
273,1872,10,-0.335,,,-0.391,-0.309
274,1872,11,-0.352,,,-0.617,-0.439
275,1872,12,-0.534,,,-0.673,-0.678
276,1873,1,-0.138,,,-0.472,-0.353
277,1873,2,-0.452,,,-0.267,-0.389
278,1873,3,-0.398,,,-0.51,-0.497
279,1873,4,-0.632,,,-0.677,-0.617
280,1873,5,-0.52,,,-0.488,-0.454
281,1873,6,-0.365,,,-0.433,-0.369
282,1873,7,-0.258,,,-0.379,-0.299
283,1873,8,-0.267,,,-0.364,-0.246
284,1873,9,-0.463,,,-0.577,-0.48
285,1873,10,-0.509,,,-0.435,-0.424
286,1873,11,-0.572,,,-0.548,-0.527
287,1873,12,-0.38,,,-0.402,-0.319
288,1874,1,-0.045,,,-0.406,-0.339
289,1874,2,-0.543,,,-0.523,-0.556
290,1874,3,-0.664,,,-0.847,-0.816
291,1874,4,-0.612,,,-0.589,-0.555
292,1874,5,-0.575,,,-0.461,-0.485
293,1874,6,-0.565,,,-0.556,-0.717
294,1874,7,-0.277,,,-0.49,-0.326
295,1874,8,-0.471,,,-0.401,-0.379
296,1874,9,-0.312,,,-0.397,-0.283
297,1874,10,-0.541,,,-0.563,-0.583
298,1874,11,-0.609,,,-0.628,-0.575
299,1874,12,-0.512,,,-0.491,-0.423
300,1875,1,-0.679,,,-0.699,-0.672
301,1875,2,-0.705,,,-0.678,-0.62
302,1875,3,-0.705,,,-0.698,-0.719
303,1875,4,-0.574,,,-0.592,-0.572
304,1875,5,-0.283,,,-0.53,-0.415
305,1875,6,-0.341,,,-0.544,-0.393
306,1875,7,-0.407,,,-0.48,-0.337
307,1875,8,-0.288,,,-0.483,-0.269
308,1875,9,-0.376,,,-0.501,-0.295
309,1875,10,-0.471,,,-0.455,-0.341
310,1875,11,-0.611,,,-0.809,-0.61
311,1875,12,-0.614,,,-0.709,-0.678
312,1876,1,-0.423,,,-0.639,-0.631
313,1876,2,-0.387,,,-0.565,-0.449
314,1876,3,-0.496,,,-0.59,-0.497
315,1876,4,-0.406,,,-0.526,-0.506
316,1876,5,-0.641,,,-0.749,-0.678
317,1876,6,-0.39,,,-0.572,-0.441
318,1876,7,-0.245,,,-0.361,-0.161
319,1876,8,-0.356,,,-0.514,-0.353
320,1876,9,-0.544,,,-0.591,-0.434
321,1876,10,-0.496,,,-0.551,-0.45
322,1876,11,-0.694,,,-0.758,-0.701
323,1876,12,-0.824,,,-0.818,-0.767
324,1877,1,-0.435,,,-0.418,-0.523
325,1877,2,-0.059,,,-0.301,-0.35
326,1877,3,-0.388,,,-0.198,-0.192
327,1877,4,-0.429,,,-0.36,-0.402
328,1877,5,-0.562,,,-0.366,-0.495
329,1877,6,-0.2,,,-0.294,-0.152
330,1877,7,-0.095,,,-0.113,-0.114
331,1877,8,0.039,,,0.008,0.136
332,1877,9,-0.08,,,-0.073,-0.007
333,1877,10,-0.046,,,-0.059,0.008
334,1877,11,-0.012,,,-0.024,-0.025
335,1877,12,0.062,,,-0.258,-0.257
336,1878,1,0.066,,,-0.205,-0.216
337,1878,2,0.295,,,0.136,0.105
338,1878,3,0.235,,,0.305,0.162
339,1878,4,0.211,,,0.077,0.063
340,1878,5,-0.19,,,-0.289,-0.262
341,1878,6,-0.089,,,-0.148,-0.073
342,1878,7,-0.157,,,-0.115,-0.116
343,1878,8,-0.131,,,-0.159,-0.095
344,1878,9,-0.091,,,-0.226,-0.049
345,1878,10,-0.23,,,-0.268,-0.185
346,1878,11,-0.308,,,-0.216,-0.251
347,1878,12,-0.464,,,-0.363,-0.439
348,1879,1,-0.301,,,-0.35,-0.292
349,1879,2,-0.257,,,-0.457,-0.388
350,1879,3,-0.202,,,-0.32,-0.254
351,1879,4,-0.322,,,-0.525,-0.504
352,1879,5,-0.32,,,-0.481,-0.422
353,1879,6,-0.378,,,-0.42,-0.413
354,1879,7,-0.338,,,-0.427,-0.339
355,1879,8,-0.275,,,-0.509,-0.29
356,1879,9,-0.323,,,-0.542,-0.344
357,1879,10,-0.23,,,-0.354,-0.218
358,1879,11,-0.498,,,-0.486,-0.409
359,1879,12,-0.623,,,-0.701,-0.657
360,1880,1,-0.175,-0.528,-0.252,-0.639,-0.534
361,1880,2,-0.281,-0.418,-0.372,-0.693,-0.503
362,1880,3,-0.212,-0.358,-0.382,-0.445,-0.294
363,1880,4,-0.258,-0.438,-0.302,-0.514,-0.405
364,1880,5,-0.352,-0.358,-0.322,-0.418,-0.353
365,1880,6,-0.415,-0.488,-0.422,-0.491,-0.404
366,1880,7,-0.355,-0.448,-0.402,-0.478,-0.394
367,1880,8,-0.224,-0.338,-0.332,-0.392,-0.243
368,1880,9,-0.343,-0.408,-0.342,-0.628,-0.415
369,1880,10,-0.494,-0.488,-0.432,-0.565,-0.511
370,1880,11,-0.516,-0.438,-0.512,-0.395,-0.36
371,1880,12,-0.402,-0.448,-0.332,-0.465,-0.451
372,1881,1,-0.461,-0.408,-0.272,-0.307,-0.346
373,1881,2,-0.342,-0.408,-0.282,-0.419,-0.345
374,1881,3,-0.289,-0.198,-0.222,-0.308,-0.332
375,1881,4,-0.239,-0.208,-0.182,-0.232,-0.19
376,1881,5,-0.138,-0.228,-0.232,-0.274,-0.229
377,1881,6,-0.338,-0.468,-0.352,-0.561,-0.503
378,1881,7,-0.256,-0.308,-0.292,-0.361,-0.345
379,1881,8,-0.231,-0.288,-0.302,-0.388,-0.242
380,1881,9,-0.348,-0.388,-0.422,-0.528,-0.388
381,1881,10,-0.383,-0.448,-0.482,-0.482,-0.378
382,1881,11,-0.442,-0.448,-0.472,-0.659,-0.495
383,1881,12,-0.238,-0.348,-0.302,-0.475,-0.347
384,1882,1,0.017,-0.088,-0.172,-0.142,-0.083
385,1882,2,-0.116,-0.068,-0.222,-0.211,-0.157
386,1882,3,-0.159,-0.208,-0.182,-0.316,-0.265
387,1882,4,-0.391,-0.438,-0.372,-0.489,-0.48
388,1882,5,-0.48,-0.398,-0.402,-0.467,-0.52
389,1882,6,-0.423,-0.498,-0.392,-0.559,-0.513
390,1882,7,-0.295,-0.448,-0.322,-0.552,-0.418
391,1882,8,-0.329,-0.298,-0.262,-0.403,-0.308
392,1882,9,-0.264,-0.348,-0.252,-0.453,-0.271
393,1882,10,-0.437,-0.488,-0.462,-0.608,-0.519
394,1882,11,-0.42,-0.398,-0.382,-0.664,-0.516
395,1882,12,-0.579,-0.498,-0.422,-0.808,-0.793
396,1883,1,-0.508,-0.568,-0.522,-0.661,-0.609
397,1883,2,-0.429,-0.628,-0.552,-0.688,-0.575
398,1883,3,-0.454,-0.378,-0.392,-0.364,-0.347
399,1883,4,-0.505,-0.408,-0.432,-0.562,-0.533
400,1883,5,-0.364,-0.438,-0.402,-0.443,-0.412
401,1883,6,-0.232,-0.368,-0.262,-0.365,-0.321
402,1883,7,-0.308,-0.318,-0.342,-0.471,-0.376
403,1883,8,-0.318,-0.398,-0.302,-0.547,-0.399
404,1883,9,-0.387,-0.458,-0.402,-0.592,-0.419
405,1883,10,-0.487,-0.388,-0.422,-0.519,-0.447
406,1883,11,-0.42,-0.458,-0.422,-0.761,-0.581
407,1883,12,-0.431,-0.388,-0.332,-0.527,-0.47
408,1884,1,-0.511,-0.388,-0.442,-0.519,-0.497
409,1884,2,-0.325,-0.308,-0.402,-0.497,-0.38
410,1884,3,-0.567,-0.608,-0.462,-0.763,-0.687
411,1884,4,-0.635,-0.678,-0.442,-0.799,-0.755
412,1884,5,-0.504,-0.608,-0.382,-0.778,-0.689
413,1884,6,-0.519,-0.658,-0.452,-0.749,-0.634
414,1884,7,-0.532,-0.588,-0.562,-0.744,-0.687
415,1884,8,-0.521,-0.508,-0.532,-0.718,-0.569
416,1884,9,-0.454,-0.508,-0.482,-0.747,-0.604
417,1884,10,-0.44,-0.478,-0.432,-0.667,-0.572
418,1884,11,-0.675,-0.528,-0.532,-0.843,-0.757
419,1884,12,-0.523,-0.528,-0.412,-0.711,-0.602
420,1885,1,-0.61,-0.828,-0.692,-0.982,-0.813
421,1885,2,-0.52,-0.538,-0.522,-0.73,-0.605
422,1885,3,-0.59,-0.498,-0.412,-0.651,-0.616
423,1885,4,-0.577,-0.658,-0.512,-0.807,-0.761
424,1885,5,-0.626,-0.678,-0.542,-0.763,-0.731
425,1885,6,-0.594,-0.678,-0.572,-0.807,-0.763
426,1885,7,-0.424,-0.598,-0.502,-0.587,-0.51
427,1885,8,-0.613,-0.558,-0.502,-0.643,-0.566
428,1885,9,-0.437,-0.478,-0.452,-0.653,-0.475
429,1885,10,-0.35,-0.438,-0.392,-0.566,-0.448
430,1885,11,-0.37,-0.438,-0.382,-0.62,-0.563
431,1885,12,-0.263,-0.288,-0.212,-0.442,-0.338
432,1886,1,-0.504,-0.668,-0.372,-0.875,-0.689
433,1886,2,-0.578,-0.698,-0.542,-0.893,-0.737
434,1886,3,-0.52,-0.618,-0.542,-0.796,-0.687
435,1886,4,-0.446,-0.518,-0.422,-0.666,-0.591
436,1886,5,-0.296,-0.488,-0.422,-0.532,-0.418
437,1886,6,-0.49,-0.638,-0.502,-0.707,-0.623
438,1886,7,-0.388,-0.458,-0.422,-0.517,-0.42
439,1886,8,-0.443,-0.588,-0.472,-0.648,-0.459
440,1886,9,-0.54,-0.498,-0.452,-0.699,-0.532
441,1886,10,-0.469,-0.528,-0.482,-0.655,-0.501
442,1886,11,-0.531,-0.538,-0.452,-0.795,-0.634
443,1886,12,-0.528,-0.488,-0.422,-0.639,-0.541
444,1887,1,-0.674,-0.958,-0.652,-1.217,-0.974
445,1887,2,-0.664,-0.758,-0.642,-0.987,-0.861
446,1887,3,-0.565,-0.578,-0.422,-0.724,-0.605
447,1887,4,-0.543,-0.628,-0.452,-0.612,-0.513
448,1887,5,-0.463,-0.558,-0.492,-0.666,-0.612
449,1887,6,-0.512,-0.478,-0.472,-0.699,-0.553
450,1887,7,-0.382,-0.478,-0.522,-0.566,-0.484
451,1887,8,-0.47,-0.558,-0.572,-0.741,-0.587
452,1887,9,-0.445,-0.468,-0.442,-0.619,-0.468
453,1887,10,-0.607,-0.578,-0.552,-0.629,-0.531
454,1887,11,-0.512,-0.458,-0.412,-0.654,-0.545
455,1887,12,-0.503,-0.558,-0.452,-0.651,-0.565
456,1888,1,-0.699,-0.608,-0.652,-0.637,-0.617
457,1888,2,-0.548,-0.588,-0.592,-0.781,-0.657
458,1888,3,-0.642,-0.648,-0.562,-0.732,-0.68
459,1888,4,-0.346,-0.458,-0.442,-0.599,-0.508
460,1888,5,-0.455,-0.458,-0.412,-0.588,-0.507
461,1888,6,-0.4,-0.418,-0.352,-0.561,-0.441
462,1888,7,-0.412,-0.338,-0.372,-0.461,-0.407
463,1888,8,-0.386,-0.398,-0.422,-0.495,-0.353
464,1888,9,-0.327,-0.328,-0.332,-0.555,-0.412
465,1888,10,-0.203,-0.218,-0.242,-0.286,-0.186
466,1888,11,-0.302,-0.218,-0.302,-0.382,-0.332
467,1888,12,-0.277,-0.298,-0.222,-0.379,-0.364
468,1889,1,-0.175,-0.338,-0.362,-0.392,-0.32
469,1889,2,-0.19,-0.048,-0.252,-0.063,-0.042
470,1889,3,-0.172,-0.158,-0.142,-0.217,-0.214
471,1889,4,-0.098,-0.158,-0.212,-0.176,-0.15
472,1889,5,-0.188,-0.268,-0.292,-0.359,-0.287
473,1889,6,-0.252,-0.378,-0.332,-0.406,-0.258
474,1889,7,-0.299,-0.338,-0.422,-0.372,-0.281
475,1889,8,-0.328,-0.438,-0.392,-0.494,-0.363
476,1889,9,-0.489,-0.448,-0.482,-0.601,-0.47
477,1889,10,-0.406,-0.458,-0.452,-0.495,-0.398
478,1889,11,-0.506,-0.558,-0.532,-0.75,-0.556
479,1889,12,-0.287,-0.528,-0.442,-0.6,-0.526
480,1890,1,-0.437,-0.668,-0.622,-0.713,-0.632
481,1890,2,-0.476,-0.678,-0.692,-0.72,-0.565
482,1890,3,-0.571,-0.638,-0.582,-0.818,-0.703
483,1890,4,-0.432,-0.608,-0.522,-0.66,-0.512
484,1890,5,-0.525,-0.698,-0.642,-0.7,-0.606
485,1890,6,-0.479,-0.508,-0.542,-0.657,-0.513
486,1890,7,-0.513,-0.498,-0.542,-0.621,-0.563
487,1890,8,-0.524,-0.618,-0.582,-0.676,-0.523
488,1890,9,-0.581,-0.638,-0.612,-0.691,-0.495
489,1890,10,-0.606,-0.478,-0.562,-0.521,-0.471
490,1890,11,-0.663,-0.708,-0.602,-0.893,-0.743
491,1890,12,-0.519,-0.538,-0.492,-0.598,-0.516
492,1891,1,-0.62,-0.648,-0.632,-0.715,-0.676
493,1891,2,-0.582,-0.698,-0.772,-0.837,-0.672
494,1891,3,-0.471,-0.418,-0.462,-0.47,-0.381
495,1891,4,-0.466,-0.528,-0.502,-0.604,-0.562
496,1891,5,-0.307,-0.428,-0.392,-0.49,-0.366
497,1891,6,-0.396,-0.448,-0.452,-0.598,-0.441
498,1891,7,-0.431,-0.448,-0.472,-0.6,-0.44
499,1891,8,-0.421,-0.408,-0.482,-0.536,-0.431
500,1891,9,-0.301,-0.378,-0.402,-0.477,-0.33
501,1891,10,-0.43,-0.448,-0.532,-0.569,-0.444
502,1891,11,-0.649,-0.578,-0.642,-0.747,-0.634
503,1891,12,-0.223,-0.278,-0.292,-0.386,-0.37
504,1892,1,-0.506,-0.518,-0.482,-0.508,-0.53
505,1892,2,-0.22,-0.358,-0.382,-0.415,-0.307
506,1892,3,-0.578,-0.588,-0.562,-0.665,-0.663
507,1892,4,-0.592,-0.588,-0.562,-0.728,-0.678
508,1892,5,-0.511,-0.488,-0.552,-0.651,-0.573
509,1892,6,-0.569,-0.468,-0.532,-0.547,-0.547
510,1892,7,-0.634,-0.568,-0.602,-0.722,-0.669
511,1892,8,-0.551,-0.488,-0.582,-0.662,-0.604
512,1892,9,-0.433,-0.368,-0.472,-0.549,-0.396
513,1892,10,-0.549,-0.358,-0.502,-0.418,-0.45
514,1892,11,-0.735,-0.638,-0.722,-0.94,-0.75
515,1892,12,-0.901,-0.628,-0.722,-0.687,-0.839
516,1893,1,-1.082,-1.028,-0.932,-1.117,-1.034
517,1893,2,-0.835,-0.778,-0.862,-0.859,-0.805
518,1893,3,-0.481,-0.468,-0.472,-0.515,-0.487
519,1893,4,-0.675,-0.528,-0.592,-0.592,-0.602
520,1893,5,-0.667,-0.588,-0.582,-0.614,-0.597
521,1893,6,-0.567,-0.528,-0.492,-0.52,-0.496
522,1893,7,-0.385,-0.398,-0.452,-0.403,-0.296
523,1893,8,-0.399,-0.498,-0.572,-0.492,-0.362
524,1893,9,-0.538,-0.448,-0.512,-0.587,-0.506
525,1893,10,-0.382,-0.408,-0.452,-0.434,-0.379
526,1893,11,-0.523,-0.398,-0.412,-0.532,-0.479
527,1893,12,-0.448,-0.578,-0.492,-0.611,-0.588
528,1894,1,-0.573,-0.768,-0.682,-0.772,-0.695
529,1894,2,-0.482,-0.568,-0.472,-0.634,-0.525
530,1894,3,-0.488,-0.488,-0.452,-0.53,-0.541
531,1894,4,-0.496,-0.718,-0.552,-0.732,-0.601
532,1894,5,-0.529,-0.588,-0.552,-0.612,-0.572
533,1894,6,-0.601,-0.678,-0.602,-0.665,-0.608
534,1894,7,-0.423,-0.498,-0.522,-0.505,-0.364
535,1894,8,-0.449,-0.458,-0.522,-0.527,-0.445
536,1894,9,-0.566,-0.488,-0.502,-0.597,-0.471
537,1894,10,-0.552,-0.448,-0.462,-0.411,-0.398
538,1894,11,-0.528,-0.478,-0.542,-0.608,-0.489
539,1894,12,-0.518,-0.428,-0.492,-0.555,-0.581
540,1895,1,-0.605,-0.678,-0.682,-0.702,-0.613
541,1895,2,-0.785,-0.658,-0.662,-0.746,-0.697
542,1895,3,-0.627,-0.528,-0.532,-0.669,-0.695
543,1895,4,-0.513,-0.488,-0.432,-0.493,-0.496
544,1895,5,-0.523,-0.508,-0.452,-0.58,-0.57
545,1895,6,-0.441,-0.468,-0.542,-0.512,-0.458
546,1895,7,-0.456,-0.408,-0.442,-0.453,-0.398
547,1895,8,-0.369,-0.398,-0.472,-0.508,-0.383
548,1895,9,-0.392,-0.328,-0.382,-0.551,-0.396
549,1895,10,-0.445,-0.318,-0.382,-0.451,-0.414
550,1895,11,-0.405,-0.378,-0.402,-0.476,-0.347
551,1895,12,-0.426,-0.388,-0.322,-0.409,-0.439
552,1896,1,-0.327,-0.488,-0.352,-0.452,-0.4
553,1896,2,-0.338,-0.378,-0.322,-0.528,-0.376
554,1896,3,-0.495,-0.488,-0.452,-0.664,-0.571
555,1896,4,-0.46,-0.548,-0.502,-0.698,-0.573
556,1896,5,-0.313,-0.428,-0.342,-0.484,-0.423
557,1896,6,-0.227,-0.378,-0.332,-0.351,-0.28
558,1896,7,-0.22,-0.278,-0.292,-0.302,-0.199
559,1896,8,-0.171,-0.278,-0.302,-0.33,-0.213
560,1896,9,-0.217,-0.268,-0.312,-0.392,-0.195
561,1896,10,-0.231,-0.128,-0.252,-0.272,-0.206
562,1896,11,-0.394,-0.308,-0.412,-0.458,-0.341
563,1896,12,-0.142,-0.278,-0.192,-0.33,-0.117
564,1897,1,-0.311,-0.378,-0.432,-0.454,-0.36
565,1897,2,-0.233,-0.388,-0.352,-0.561,-0.383
566,1897,3,-0.383,-0.368,-0.422,-0.521,-0.386
567,1897,4,-0.184,-0.258,-0.242,-0.297,-0.202
568,1897,5,-0.139,-0.288,-0.262,-0.242,-0.183
569,1897,6,-0.263,-0.398,-0.342,-0.372,-0.267
570,1897,7,-0.265,-0.308,-0.282,-0.376,-0.287
571,1897,8,-0.257,-0.348,-0.312,-0.419,-0.29
572,1897,9,-0.243,-0.318,-0.272,-0.456,-0.31
573,1897,10,-0.366,-0.358,-0.402,-0.441,-0.356
574,1897,11,-0.561,-0.418,-0.502,-0.596,-0.482
575,1897,12,-0.585,-0.418,-0.542,-0.519,-0.486
576,1898,1,-0.193,-0.258,-0.282,-0.416,-0.334
577,1898,2,-0.488,-0.518,-0.532,-0.749,-0.623
578,1898,3,-0.857,-0.748,-0.902,-0.875,-0.839
579,1898,4,-0.681,-0.568,-0.602,-0.634,-0.618
580,1898,5,-0.582,-0.558,-0.562,-0.675,-0.666
581,1898,6,-0.427,-0.448,-0.452,-0.47,-0.423
582,1898,7,-0.485,-0.468,-0.492,-0.54,-0.465
583,1898,8,-0.414,-0.488,-0.472,-0.575,-0.455
584,1898,9,-0.44,-0.448,-0.452,-0.602,-0.481
585,1898,10,-0.664,-0.578,-0.572,-0.681,-0.624
586,1898,11,-0.557,-0.618,-0.492,-0.748,-0.591
587,1898,12,-0.454,-0.488,-0.262,-0.638,-0.587
588,1899,1,-0.316,-0.418,-0.352,-0.461,-0.429
589,1899,2,-0.602,-0.638,-0.522,-0.736,-0.601
590,1899,3,-0.652,-0.578,-0.502,-0.66,-0.671
591,1899,4,-0.459,-0.438,-0.442,-0.457,-0.472
592,1899,5,-0.424,-0.478,-0.382,-0.444,-0.404
593,1899,6,-0.498,-0.568,-0.442,-0.609,-0.564
594,1899,7,-0.383,-0.418,-0.372,-0.467,-0.401
595,1899,8,-0.255,-0.298,-0.302,-0.345,-0.242
596,1899,9,-0.244,-0.268,-0.292,-0.322,-0.238
597,1899,10,-0.296,-0.288,-0.272,-0.283,-0.279
598,1899,11,-0.08,-0.118,-0.102,-0.174,-0.137
599,1899,12,-0.558,-0.518,-0.402,-0.513,-0.512
600,1900,1,-0.374,-0.608,-0.482,-0.666,-0.571
601,1900,2,-0.28,-0.258,-0.332,-0.273,-0.198
602,1900,3,-0.393,-0.228,-0.292,-0.203,-0.273
603,1900,4,-0.369,-0.358,-0.332,-0.337,-0.289
604,1900,5,-0.381,-0.348,-0.282,-0.298,-0.341
605,1900,6,-0.288,-0.368,-0.292,-0.368,-0.252
606,1900,7,-0.298,-0.368,-0.322,-0.388,-0.261
607,1900,8,-0.293,-0.348,-0.322,-0.38,-0.301
608,1900,9,-0.338,-0.288,-0.312,-0.373,-0.296
609,1900,10,-0.166,-0.158,-0.202,-0.185,-0.135
610,1900,11,-0.371,-0.338,-0.382,-0.434,-0.358
611,1900,12,-0.183,-0.308,-0.222,-0.401,-0.319
612,1901,1,-0.284,-0.468,-0.362,-0.525,-0.418
613,1901,2,-0.38,-0.278,-0.322,-0.359,-0.29
614,1901,3,-0.344,-0.158,-0.282,-0.259,-0.284
615,1901,4,-0.295,-0.278,-0.312,-0.257,-0.232
616,1901,5,-0.304,-0.398,-0.362,-0.377,-0.279
617,1901,6,-0.254,-0.368,-0.372,-0.426,-0.268
618,1901,7,-0.296,-0.388,-0.402,-0.459,-0.343
619,1901,8,-0.304,-0.438,-0.372,-0.419,-0.281
620,1901,9,-0.451,-0.458,-0.452,-0.504,-0.378
621,1901,10,-0.406,-0.548,-0.522,-0.515,-0.396
622,1901,11,-0.55,-0.398,-0.382,-0.536,-0.465
623,1901,12,-0.536,-0.518,-0.482,-0.507,-0.512
624,1902,1,-0.34,-0.428,-0.332,-0.516,-0.48
625,1902,2,-0.368,-0.268,-0.282,-0.319,-0.3
626,1902,3,-0.506,-0.528,-0.442,-0.61,-0.572
627,1902,4,-0.559,-0.538,-0.512,-0.55,-0.496
628,1902,5,-0.509,-0.588,-0.512,-0.586,-0.525
629,1902,6,-0.532,-0.588,-0.582,-0.593,-0.505
630,1902,7,-0.499,-0.528,-0.532,-0.493,-0.408
631,1902,8,-0.476,-0.568,-0.512,-0.497,-0.412
632,1902,9,-0.469,-0.528,-0.482,-0.521,-0.384
633,1902,10,-0.585,-0.538,-0.522,-0.593,-0.533
634,1902,11,-0.646,-0.618,-0.592,-0.784,-0.654
635,1902,12,-0.634,-0.698,-0.612,-0.761,-0.679
636,1903,1,-0.377,-0.488,-0.462,-0.49,-0.475
637,1903,2,-0.289,-0.268,-0.332,-0.376,-0.262
638,1903,3,-0.466,-0.468,-0.522,-0.537,-0.488
639,1903,4,-0.581,-0.648,-0.602,-0.709,-0.624
640,1903,5,-0.571,-0.668,-0.632,-0.665,-0.595
641,1903,6,-0.645,-0.698,-0.622,-0.752,-0.643
642,1903,7,-0.593,-0.608,-0.582,-0.67,-0.539
643,1903,8,-0.695,-0.728,-0.682,-0.782,-0.652
644,1903,9,-0.626,-0.728,-0.622,-0.797,-0.583
645,1903,10,-0.761,-0.728,-0.682,-0.772,-0.707
646,1903,11,-0.742,-0.678,-0.642,-0.81,-0.684
647,1903,12,-0.712,-0.758,-0.632,-0.74,-0.673
648,1904,1,-0.752,-0.908,-0.782,-0.872,-0.803
649,1904,2,-0.698,-0.818,-0.712,-0.859,-0.77
650,1904,3,-0.769,-0.738,-0.762,-0.699,-0.709
651,1904,4,-0.661,-0.788,-0.722,-0.736,-0.635
652,1904,5,-0.635,-0.798,-0.682,-0.73,-0.669
653,1904,6,-0.63,-0.748,-0.692,-0.705,-0.595
654,1904,7,-0.63,-0.768,-0.712,-0.706,-0.58
655,1904,8,-0.585,-0.748,-0.682,-0.693,-0.581
656,1904,9,-0.586,-0.768,-0.712,-0.791,-0.619
657,1904,10,-0.581,-0.638,-0.652,-0.669,-0.585
658,1904,11,-0.495,-0.448,-0.412,-0.513,-0.439
659,1904,12,-0.515,-0.588,-0.492,-0.545,-0.501
660,1905,1,-0.568,-0.628,-0.602,-0.551,-0.516
661,1905,2,-0.811,-0.828,-0.862,-0.868,-0.766
662,1905,3,-0.57,-0.468,-0.642,-0.57,-0.554
663,1905,4,-0.663,-0.598,-0.702,-0.624,-0.586
664,1905,5,-0.452,-0.568,-0.532,-0.53,-0.451
665,1905,6,-0.422,-0.548,-0.492,-0.549,-0.4
666,1905,7,-0.405,-0.538,-0.432,-0.576,-0.416
667,1905,8,-0.409,-0.458,-0.472,-0.517,-0.397
668,1905,9,-0.421,-0.428,-0.462,-0.521,-0.401
669,1905,10,-0.471,-0.498,-0.542,-0.516,-0.424
670,1905,11,-0.326,-0.338,-0.342,-0.407,-0.282
671,1905,12,-0.307,-0.418,-0.382,-0.513,-0.38
672,1906,1,-0.183,-0.518,-0.422,-0.566,-0.433
673,1906,2,-0.333,-0.538,-0.482,-0.578,-0.408
674,1906,3,-0.392,-0.398,-0.392,-0.357,-0.306
675,1906,4,-0.223,-0.278,-0.302,-0.259,-0.196
676,1906,5,-0.437,-0.478,-0.462,-0.508,-0.455
677,1906,6,-0.395,-0.448,-0.422,-0.476,-0.316
678,1906,7,-0.423,-0.488,-0.492,-0.535,-0.432
679,1906,8,-0.427,-0.438,-0.482,-0.488,-0.331
680,1906,9,-0.493,-0.508,-0.552,-0.572,-0.427
681,1906,10,-0.459,-0.428,-0.532,-0.398,-0.372
682,1906,11,-0.535,-0.618,-0.622,-0.609,-0.488
683,1906,12,-0.391,-0.408,-0.412,-0.383,-0.371
684,1907,1,-0.539,-0.648,-0.592,-0.637,-0.549
685,1907,2,-0.62,-0.748,-0.652,-0.825,-0.689
686,1907,3,-0.446,-0.508,-0.532,-0.491,-0.388
687,1907,4,-0.615,-0.618,-0.602,-0.587,-0.479
688,1907,5,-0.663,-0.708,-0.722,-0.733,-0.648
689,1907,6,-0.632,-0.668,-0.622,-0.666,-0.564
690,1907,7,-0.51,-0.598,-0.602,-0.619,-0.46
691,1907,8,-0.56,-0.588,-0.582,-0.656,-0.558
692,1907,9,-0.513,-0.568,-0.592,-0.629,-0.495
693,1907,10,-0.467,-0.478,-0.552,-0.423,-0.366
694,1907,11,-0.689,-0.718,-0.762,-0.771,-0.621
695,1907,12,-0.633,-0.718,-0.642,-0.714,-0.665
696,1908,1,-0.52,-0.668,-0.612,-0.664,-0.549
697,1908,2,-0.521,-0.548,-0.622,-0.56,-0.463
698,1908,3,-0.744,-0.768,-0.852,-0.869,-0.81
699,1908,4,-0.658,-0.688,-0.732,-0.724,-0.66
700,1908,5,-0.582,-0.648,-0.652,-0.507,-0.471
701,1908,6,-0.58,-0.648,-0.652,-0.547,-0.499
702,1908,7,-0.577,-0.628,-0.642,-0.558,-0.48
703,1908,8,-0.64,-0.698,-0.732,-0.697,-0.584
704,1908,9,-0.562,-0.598,-0.652,-0.56,-0.451
705,1908,10,-0.687,-0.688,-0.772,-0.682,-0.589
706,1908,11,-0.704,-0.738,-0.732,-0.849,-0.698
707,1908,12,-0.676,-0.728,-0.632,-0.781,-0.68
708,1909,1,-0.687,-0.928,-0.802,-0.967,-0.829
709,1909,2,-0.639,-0.708,-0.712,-0.713,-0.604
710,1909,3,-0.798,-0.748,-0.792,-0.794,-0.83
711,1909,4,-0.712,-0.838,-0.782,-0.793,-0.716
712,1909,5,-0.694,-0.798,-0.702,-0.749,-0.645
713,1909,6,-0.62,-0.768,-0.662,-0.714,-0.612
714,1909,7,-0.681,-0.688,-0.682,-0.731,-0.628
715,1909,8,-0.425,-0.548,-0.552,-0.56,-0.39
716,1909,9,-0.506,-0.588,-0.612,-0.687,-0.543
717,1909,10,-0.589,-0.608,-0.642,-0.648,-0.575
718,1909,11,-0.528,-0.548,-0.522,-0.621,-0.518
719,1909,12,-0.699,-0.788,-0.662,-0.72,-0.693
720,1910,1,-0.46,-0.678,-0.552,-0.626,-0.55
721,1910,2,-0.622,-0.678,-0.612,-0.72,-0.608
722,1910,3,-0.595,-0.738,-0.682,-0.79,-0.735
723,1910,4,-0.558,-0.648,-0.592,-0.67,-0.634
724,1910,5,-0.574,-0.588,-0.552,-0.579,-0.538
725,1910,6,-0.59,-0.608,-0.612,-0.634,-0.542
726,1910,7,-0.574,-0.588,-0.582,-0.638,-0.561
727,1910,8,-0.544,-0.598,-0.582,-0.628,-0.466
728,1910,9,-0.549,-0.598,-0.592,-0.657,-0.531
729,1910,10,-0.59,-0.618,-0.672,-0.602,-0.474
730,1910,11,-0.76,-0.778,-0.752,-0.865,-0.769
731,1910,12,-0.774,-0.898,-0.822,-0.987,-0.873
732,1911,1,-0.662,-0.868,-0.762,-0.919,-0.752
733,1911,2,-0.861,-0.808,-0.782,-0.878,-0.78
734,1911,3,-0.809,-0.828,-0.822,-0.875,-0.815
735,1911,4,-0.825,-0.768,-0.762,-0.754,-0.731
736,1911,5,-0.708,-0.748,-0.732,-0.781,-0.713
737,1911,6,-0.675,-0.708,-0.692,-0.751,-0.636
738,1911,7,-0.618,-0.638,-0.712,-0.712,-0.591
739,1911,8,-0.608,-0.648,-0.702,-0.679,-0.554
740,1911,9,-0.619,-0.608,-0.652,-0.713,-0.597
741,1911,10,-0.573,-0.468,-0.592,-0.494,-0.456
742,1911,11,-0.482,-0.408,-0.512,-0.551,-0.443
743,1911,12,-0.401,-0.448,-0.492,-0.547,-0.452
744,1912,1,-0.469,-0.498,-0.522,-0.476,-0.43
745,1912,2,-0.396,-0.358,-0.362,-0.431,-0.41
746,1912,3,-0.493,-0.578,-0.562,-0.688,-0.612
747,1912,4,-0.45,-0.428,-0.452,-0.41,-0.385
748,1912,5,-0.483,-0.458,-0.482,-0.498,-0.421
749,1912,6,-0.42,-0.498,-0.512,-0.465,-0.382
750,1912,7,-0.561,-0.678,-0.572,-0.742,-0.592
751,1912,8,-0.667,-0.778,-0.702,-0.808,-0.683
752,1912,9,-0.665,-0.748,-0.762,-0.872,-0.705
753,1912,10,-0.749,-0.798,-0.772,-0.876,-0.777
754,1912,11,-0.626,-0.618,-0.662,-0.734,-0.599
755,1912,12,-0.592,-0.668,-0.612,-0.726,-0.658
756,1913,1,-0.559,-0.648,-0.602,-0.743,-0.638
757,1913,2,-0.616,-0.668,-0.642,-0.734,-0.616
758,1913,3,-0.645,-0.668,-0.662,-0.678,-0.632
759,1913,4,-0.539,-0.618,-0.602,-0.545,-0.462
760,1913,5,-0.621,-0.698,-0.652,-0.624,-0.568
761,1913,6,-0.613,-0.718,-0.632,-0.694,-0.628
762,1913,7,-0.539,-0.598,-0.602,-0.646,-0.557
763,1913,8,-0.498,-0.568,-0.582,-0.574,-0.479
764,1913,9,-0.534,-0.588,-0.612,-0.645,-0.516
765,1913,10,-0.533,-0.578,-0.562,-0.582,-0.476
766,1913,11,-0.372,-0.418,-0.392,-0.55,-0.397
767,1913,12,-0.34,-0.268,-0.292,-0.283,-0.248
768,1914,1,-0.187,-0.198,-0.152,-0.22,-0.168
769,1914,2,-0.319,-0.338,-0.372,-0.502,-0.32
770,1914,3,-0.434,-0.458,-0.412,-0.571,-0.513
771,1914,4,-0.498,-0.528,-0.502,-0.523,-0.471
772,1914,5,-0.39,-0.468,-0.412,-0.439,-0.362
773,1914,6,-0.389,-0.498,-0.442,-0.469,-0.378
774,1914,7,-0.436,-0.478,-0.462,-0.542,-0.455
775,1914,8,-0.322,-0.378,-0.422,-0.419,-0.263
776,1914,9,-0.363,-0.368,-0.422,-0.434,-0.342
777,1914,10,-0.254,-0.268,-0.342,-0.321,-0.246
778,1914,11,-0.291,-0.408,-0.372,-0.506,-0.352
779,1914,12,-0.357,-0.308,-0.342,-0.249,-0.256
780,1915,1,-0.219,-0.408,-0.382,-0.456,-0.371
781,1915,2,-0.152,-0.238,-0.262,-0.369,-0.273
782,1915,3,-0.295,-0.328,-0.352,-0.311,-0.259
783,1915,4,-0.154,-0.178,-0.222,-0.15,-0.158
784,1915,5,-0.304,-0.298,-0.312,-0.232,-0.162
785,1915,6,-0.323,-0.438,-0.332,-0.453,-0.302
786,1915,7,-0.208,-0.338,-0.272,-0.378,-0.291
787,1915,8,-0.173,-0.428,-0.322,-0.317,-0.144
788,1915,9,-0.236,-0.398,-0.362,-0.428,-0.255
789,1915,10,-0.363,-0.478,-0.422,-0.514,-0.433
790,1915,11,-0.246,-0.348,-0.262,-0.386,-0.284
791,1915,12,-0.361,-0.398,-0.302,-0.451,-0.408
792,1916,1,-0.343,-0.318,-0.422,-0.398,-0.419
793,1916,2,-0.289,-0.358,-0.422,-0.445,-0.308
794,1916,3,-0.514,-0.508,-0.542,-0.493,-0.493
795,1916,4,-0.447,-0.528,-0.442,-0.509,-0.426
796,1916,5,-0.459,-0.558,-0.472,-0.542,-0.441
797,1916,6,-0.58,-0.698,-0.632,-0.608,-0.519
798,1916,7,-0.486,-0.588,-0.532,-0.606,-0.466
799,1916,8,-0.45,-0.478,-0.522,-0.567,-0.429
800,1916,9,-0.443,-0.548,-0.502,-0.629,-0.452
801,1916,10,-0.503,-0.498,-0.512,-0.646,-0.557
802,1916,11,-0.68,-0.628,-0.642,-0.798,-0.737
803,1916,12,-0.737,-1.028,-0.822,-1.037,-0.914
804,1917,1,-0.788,-0.808,-0.672,-0.917,-0.86
805,1917,2,-0.873,-0.838,-0.712,-0.901,-0.819
806,1917,3,-0.94,-0.828,-0.672,-0.813,-0.838
807,1917,4,-0.585,-0.728,-0.562,-0.695,-0.586
808,1917,5,-0.77,-0.778,-0.702,-0.769,-0.677
809,1917,6,-0.465,-0.658,-0.582,-0.711,-0.547
810,1917,7,-0.23,-0.478,-0.422,-0.469,-0.337
811,1917,8,-0.334,-0.448,-0.412,-0.546,-0.362
812,1917,9,-0.233,-0.408,-0.302,-0.545,-0.327
813,1917,10,-0.493,-0.628,-0.512,-0.684,-0.563
814,1917,11,-0.494,-0.508,-0.372,-0.686,-0.588
815,1917,12,-0.743,-0.898,-0.772,-0.912,-0.867
816,1918,1,-0.609,-0.648,-0.462,-0.692,-0.639
817,1918,2,-0.622,-0.538,-0.532,-0.716,-0.662
818,1918,3,-0.553,-0.478,-0.422,-0.609,-0.589
819,1918,4,-0.598,-0.678,-0.542,-0.708,-0.668
820,1918,5,-0.534,-0.688,-0.522,-0.653,-0.536
821,1918,6,-0.437,-0.588,-0.412,-0.603,-0.51
822,1918,7,-0.444,-0.538,-0.442,-0.553,-0.499
823,1918,8,-0.466,-0.528,-0.412,-0.587,-0.439
824,1918,9,-0.351,-0.378,-0.382,-0.422,-0.299
825,1918,10,-0.203,-0.278,-0.342,-0.273,-0.252
826,1918,11,-0.158,-0.328,-0.352,-0.433,-0.216
827,1918,12,-0.34,-0.498,-0.552,-0.505,-0.449
828,1919,1,-0.214,-0.428,-0.472,-0.428,-0.363
829,1919,2,-0.193,-0.458,-0.282,-0.412,-0.29
830,1919,3,-0.414,-0.428,-0.482,-0.419,-0.453
831,1919,4,-0.18,-0.358,-0.312,-0.256,-0.272
832,1919,5,-0.363,-0.508,-0.422,-0.432,-0.385
833,1919,6,-0.36,-0.598,-0.472,-0.52,-0.409
834,1919,7,-0.47,-0.518,-0.452,-0.548,-0.448
835,1919,8,-0.444,-0.558,-0.442,-0.509,-0.432
836,1919,9,-0.347,-0.458,-0.422,-0.482,-0.364
837,1919,10,-0.404,-0.418,-0.462,-0.413,-0.348
838,1919,11,-0.64,-0.638,-0.562,-0.742,-0.641
839,1919,12,-0.568,-0.638,-0.542,-0.632,-0.623
840,1920,1,-0.347,-0.448,-0.352,-0.472,-0.381
841,1920,2,-0.535,-0.458,-0.472,-0.601,-0.588
842,1920,3,-0.227,-0.308,-0.302,-0.36,-0.273
843,1920,4,-0.372,-0.488,-0.452,-0.408,-0.363
844,1920,5,-0.308,-0.498,-0.412,-0.438,-0.368
845,1920,6,-0.319,-0.588,-0.502,-0.485,-0.328
846,1920,7,-0.393,-0.538,-0.482,-0.476,-0.357
847,1920,8,-0.341,-0.468,-0.472,-0.443,-0.344
848,1920,9,-0.247,-0.418,-0.422,-0.414,-0.278
849,1920,10,-0.341,-0.498,-0.452,-0.388,-0.351
850,1920,11,-0.397,-0.498,-0.492,-0.491,-0.38
851,1920,12,-0.466,-0.668,-0.632,-0.648,-0.547
852,1921,1,-0.249,-0.248,-0.302,-0.283,-0.313
853,1921,2,-0.291,-0.418,-0.392,-0.419,-0.325
854,1921,3,-0.357,-0.458,-0.462,-0.502,-0.462
855,1921,4,-0.328,-0.528,-0.452,-0.48,-0.382
856,1921,5,-0.311,-0.518,-0.432,-0.497,-0.413
857,1921,6,-0.229,-0.508,-0.412,-0.384,-0.234
858,1921,7,-0.248,-0.378,-0.352,-0.369,-0.291
859,1921,8,-0.391,-0.468,-0.432,-0.5,-0.399
860,1921,9,-0.273,-0.398,-0.382,-0.381,-0.237
861,1921,10,-0.25,-0.258,-0.312,-0.258,-0.221
862,1921,11,-0.409,-0.358,-0.432,-0.328,-0.256
863,1921,12,-0.255,-0.398,-0.322,-0.29,-0.311
864,1922,1,-0.495,-0.558,-0.562,-0.477,-0.48
865,1922,2,-0.383,-0.668,-0.532,-0.621,-0.49
866,1922,3,-0.375,-0.358,-0.322,-0.363,-0.394
867,1922,4,-0.343,-0.468,-0.372,-0.336,-0.27
868,1922,5,-0.479,-0.568,-0.512,-0.551,-0.508
869,1922,6,-0.432,-0.548,-0.522,-0.485,-0.378
870,1922,7,-0.337,-0.478,-0.512,-0.404,-0.299
871,1922,8,-0.456,-0.538,-0.522,-0.563,-0.445
872,1922,9,-0.39,-0.548,-0.502,-0.563,-0.421
873,1922,10,-0.438,-0.548,-0.492,-0.556,-0.47
874,1922,11,-0.4,-0.358,-0.442,-0.478,-0.383
875,1922,12,-0.416,-0.408,-0.402,-0.39,-0.381
876,1923,1,-0.345,-0.518,-0.462,-0.524,-0.509
877,1923,2,-0.527,-0.598,-0.622,-0.637,-0.555
878,1923,3,-0.52,-0.578,-0.512,-0.611,-0.576
879,1923,4,-0.468,-0.628,-0.582,-0.541,-0.482
880,1923,5,-0.427,-0.568,-0.492,-0.535,-0.466
881,1923,6,-0.351,-0.488,-0.442,-0.416,-0.301
882,1923,7,-0.46,-0.518,-0.522,-0.572,-0.463
883,1923,8,-0.485,-0.528,-0.522,-0.531,-0.442
884,1923,9,-0.435,-0.508,-0.492,-0.552,-0.416
885,1923,10,-0.378,-0.338,-0.402,-0.277,-0.261
886,1923,11,-0.129,-0.218,-0.222,-0.179,-0.059
887,1923,12,-0.122,-0.258,-0.242,-0.203,-0.183
888,1924,1,-0.423,-0.448,-0.492,-0.459,-0.439
889,1924,2,-0.312,-0.468,-0.432,-0.465,-0.35
890,1924,3,-0.379,-0.298,-0.362,-0.257,-0.248
891,1924,4,-0.391,-0.548,-0.492,-0.478,-0.385
892,1924,5,-0.353,-0.418,-0.452,-0.364,-0.322
893,1924,6,-0.322,-0.458,-0.472,-0.428,-0.348
894,1924,7,-0.371,-0.488,-0.462,-0.461,-0.369
895,1924,8,-0.392,-0.568,-0.532,-0.517,-0.363
896,1924,9,-0.392,-0.538,-0.532,-0.524,-0.372
897,1924,10,-0.424,-0.558,-0.532,-0.536,-0.441
898,1924,11,-0.469,-0.428,-0.542,-0.439,-0.342
899,1924,12,-0.638,-0.648,-0.652,-0.55,-0.562
900,1925,1,-0.511,-0.598,-0.572,-0.62,-0.586
901,1925,2,-0.416,-0.608,-0.522,-0.688,-0.591
902,1925,3,-0.338,-0.478,-0.412,-0.46,-0.425
903,1925,4,-0.381,-0.488,-0.412,-0.468,-0.44
904,1925,5,-0.364,-0.528,-0.472,-0.446,-0.372
905,1925,6,-0.365,-0.558,-0.472,-0.484,-0.401
906,1925,7,-0.322,-0.508,-0.452,-0.444,-0.349
907,1925,8,-0.236,-0.388,-0.382,-0.365,-0.239
908,1925,9,-0.299,-0.398,-0.342,-0.399,-0.276
909,1925,10,-0.417,-0.408,-0.382,-0.348,-0.329
910,1925,11,-0.171,-0.188,-0.182,-0.226,-0.112
911,1925,12,-0.107,-0.148,-0.112,-0.017,-0.041
912,1926,1,-0.022,-0.038,-0.082,0.023,0.037
913,1926,2,-0.15,-0.168,-0.162,-0.215,-0.18
914,1926,3,-0.136,-0.118,-0.162,-0.049,-0.098
915,1926,4,-0.284,-0.358,-0.372,-0.283,-0.26
916,1926,5,-0.325,-0.458,-0.372,-0.386,-0.306
917,1926,6,-0.195,-0.458,-0.362,-0.372,-0.237
918,1926,7,-0.347,-0.478,-0.402,-0.403,-0.319
919,1926,8,-0.198,-0.368,-0.332,-0.288,-0.177
920,1926,9,-0.205,-0.358,-0.342,-0.288,-0.166
921,1926,10,-0.196,-0.328,-0.332,-0.183,-0.167
922,1926,11,-0.217,-0.278,-0.322,-0.245,-0.184
923,1926,12,-0.352,-0.508,-0.452,-0.409,-0.414
924,1927,1,-0.369,-0.498,-0.412,-0.422,-0.411
925,1927,2,-0.254,-0.408,-0.432,-0.364,-0.282
926,1927,3,-0.441,-0.598,-0.502,-0.582,-0.517
927,1927,4,-0.366,-0.538,-0.462,-0.452,-0.403
928,1927,5,-0.365,-0.478,-0.472,-0.375,-0.294
929,1927,6,-0.344,-0.488,-0.442,-0.434,-0.343
930,1927,7,-0.255,-0.408,-0.342,-0.365,-0.263
931,1927,8,-0.253,-0.438,-0.362,-0.36,-0.286
932,1927,9,-0.242,-0.338,-0.272,-0.306,-0.188
933,1927,10,-0.146,-0.228,-0.232,-0.119,-0.06
934,1927,11,-0.281,-0.258,-0.282,-0.249,-0.204
935,1927,12,-0.53,-0.558,-0.552,-0.448,-0.478
936,1928,1,-0.162,-0.238,-0.312,-0.048,-0.1
937,1928,2,-0.241,-0.308,-0.382,-0.231,-0.179
938,1928,3,-0.452,-0.498,-0.502,-0.383,-0.371
939,1928,4,-0.359,-0.508,-0.492,-0.361,-0.327
940,1928,5,-0.389,-0.528,-0.432,-0.452,-0.381
941,1928,6,-0.445,-0.598,-0.522,-0.547,-0.421
942,1928,7,-0.274,-0.408,-0.422,-0.371,-0.262
943,1928,8,-0.284,-0.448,-0.442,-0.407,-0.26
944,1928,9,-0.329,-0.408,-0.432,-0.44,-0.331
945,1928,10,-0.269,-0.398,-0.372,-0.339,-0.262
946,1928,11,-0.261,-0.318,-0.312,-0.293,-0.223
947,1928,12,-0.348,-0.408,-0.412,-0.317,-0.333
948,1929,1,-0.595,-0.688,-0.722,-0.589,-0.567
949,1929,2,-0.778,-0.828,-0.782,-0.714,-0.669
950,1929,3,-0.517,-0.548,-0.512,-0.575,-0.56
951,1929,4,-0.497,-0.628,-0.552,-0.531,-0.478
952,1929,5,-0.499,-0.608,-0.542,-0.608,-0.541
953,1929,6,-0.459,-0.638,-0.522,-0.614,-0.483
954,1929,7,-0.466,-0.568,-0.522,-0.612,-0.499
955,1929,8,-0.293,-0.528,-0.452,-0.457,-0.344
956,1929,9,-0.373,-0.458,-0.452,-0.455,-0.321
957,1929,10,-0.284,-0.368,-0.362,-0.309,-0.273
958,1929,11,-0.18,-0.348,-0.342,-0.32,-0.189
959,1929,12,-0.596,-0.768,-0.752,-0.693,-0.7
960,1930,1,-0.435,-0.538,-0.572,-0.402,-0.388
961,1930,2,-0.395,-0.508,-0.452,-0.485,-0.487
962,1930,3,-0.258,-0.318,-0.312,-0.314,-0.27
963,1930,4,-0.309,-0.478,-0.442,-0.406,-0.328
964,1930,5,-0.309,-0.468,-0.442,-0.365,-0.317
965,1930,6,-0.273,-0.438,-0.362,-0.388,-0.304
966,1930,7,-0.23,-0.428,-0.312,-0.301,-0.261
967,1930,8,-0.164,-0.358,-0.332,-0.304,-0.176
968,1930,9,-0.187,-0.358,-0.352,-0.285,-0.135
969,1930,10,-0.197,-0.318,-0.242,-0.254,-0.188
970,1930,11,-0.03,-0.068,-0.102,-0.052,0.049
971,1930,12,-0.187,-0.298,-0.242,-0.172,-0.158
972,1931,1,-0.115,-0.338,-0.302,-0.239,-0.229
973,1931,2,-0.27,-0.478,-0.472,-0.411,-0.33
974,1931,3,-0.231,-0.308,-0.252,-0.288,-0.244
975,1931,4,-0.29,-0.448,-0.412,-0.365,-0.291
976,1931,5,-0.274,-0.438,-0.402,-0.404,-0.32
977,1931,6,-0.148,-0.308,-0.272,-0.257,-0.13
978,1931,7,-0.106,-0.268,-0.262,-0.182,-0.075
979,1931,8,-0.162,-0.268,-0.262,-0.193,-0.103
980,1931,9,-0.158,-0.308,-0.252,-0.234,-0.135
981,1931,10,-0.154,-0.218,-0.242,-0.101,-0.067
982,1931,11,-0.261,-0.348,-0.362,-0.26,-0.159
983,1931,12,-0.213,-0.328,-0.352,-0.161,-0.172
984,1932,1,0.049,-0.088,-0.092,-0.053,-0.023
985,1932,2,-0.304,-0.418,-0.422,-0.357,-0.279
986,1932,3,-0.351,-0.428,-0.432,-0.297,-0.306
987,1932,4,-0.177,-0.298,-0.292,-0.131,-0.093
988,1932,5,-0.277,-0.428,-0.422,-0.246,-0.221
989,1932,6,-0.299,-0.538,-0.412,-0.381,-0.344
990,1932,7,-0.236,-0.478,-0.362,-0.352,-0.231
991,1932,8,-0.305,-0.468,-0.432,-0.382,-0.284
992,1932,9,-0.147,-0.348,-0.322,-0.209,-0.084
993,1932,10,-0.284,-0.338,-0.342,-0.245,-0.212
994,1932,11,-0.343,-0.498,-0.452,-0.483,-0.39
995,1932,12,-0.302,-0.488,-0.442,-0.369,-0.362
996,1933,1,-0.403,-0.578,-0.562,-0.442,-0.396
997,1933,2,-0.432,-0.578,-0.572,-0.467,-0.387
998,1933,3,-0.456,-0.538,-0.502,-0.486,-0.468
999,1933,4,-0.33,-0.488,-0.452,-0.429,-0.357
1000,1933,5,-0.321,-0.528,-0.462,-0.454,-0.353
1001,1933,6,-0.369,-0.578,-0.452,-0.577,-0.461
1002,1933,7,-0.293,-0.448,-0.432,-0.452,-0.327
1003,1933,8,-0.287,-0.478,-0.442,-0.392,-0.251
1004,1933,9,-0.343,-0.508,-0.472,-0.495,-0.371
1005,1933,10,-0.312,-0.448,-0.442,-0.439,-0.339
1006,1933,11,-0.424,-0.528,-0.502,-0.547,-0.429
1007,1933,12,-0.639,-0.698,-0.662,-0.591,-0.611
1008,1934,1,-0.333,-0.478,-0.562,-0.463,-0.42
1009,1934,2,-0.273,-0.278,-0.272,-0.294,-0.225
1010,1934,3,-0.504,-0.558,-0.512,-0.548,-0.531
1011,1934,4,-0.358,-0.538,-0.482,-0.501,-0.415
1012,1934,5,-0.19,-0.348,-0.292,-0.316,-0.246
1013,1934,6,-0.151,-0.388,-0.252,-0.334,-0.193
1014,1934,7,-0.176,-0.338,-0.342,-0.312,-0.215
1015,1934,8,-0.166,-0.348,-0.302,-0.341,-0.216
1016,1934,9,-0.209,-0.398,-0.372,-0.373,-0.224
1017,1934,10,-0.199,-0.318,-0.322,-0.218,-0.14
1018,1934,11,-0.086,-0.198,-0.242,-0.142,-0.04
1019,1934,12,-0.25,-0.278,-0.272,-0.214,-0.229
1020,1935,1,-0.341,-0.568,-0.542,-0.499,-0.438
1021,1935,2,-0.007,-0.088,-0.082,-0.13,-0.041
1022,1935,3,-0.338,-0.368,-0.402,-0.322,-0.27
1023,1935,4,-0.381,-0.598,-0.502,-0.493,-0.384
1024,1935,5,-0.353,-0.538,-0.452,-0.45,-0.31
1025,1935,6,-0.296,-0.498,-0.422,-0.374,-0.288
1026,1935,7,-0.25,-0.458,-0.362,-0.362,-0.242
1027,1935,8,-0.262,-0.458,-0.352,-0.387,-0.275
1028,1935,9,-0.249,-0.438,-0.342,-0.414,-0.269
1029,1935,10,-0.183,-0.318,-0.262,-0.219,-0.161
1030,1935,11,-0.416,-0.518,-0.522,-0.57,-0.44
1031,1935,12,-0.382,-0.438,-0.422,-0.357,-0.357
1032,1936,1,-0.418,-0.518,-0.502,-0.478,-0.482
1033,1936,2,-0.473,-0.628,-0.562,-0.506,-0.425
1034,1936,3,-0.418,-0.458,-0.462,-0.472,-0.445
1035,1936,4,-0.321,-0.438,-0.432,-0.374,-0.29
1036,1936,5,-0.268,-0.418,-0.362,-0.351,-0.285
1037,1936,6,-0.269,-0.448,-0.362,-0.352,-0.246
1038,1936,7,-0.129,-0.318,-0.262,-0.242,-0.131
1039,1936,8,-0.153,-0.378,-0.302,-0.286,-0.149
1040,1936,9,-0.216,-0.328,-0.292,-0.313,-0.216
1041,1936,10,-0.114,-0.278,-0.272,-0.167,-0.083
1042,1936,11,-0.179,-0.268,-0.272,-0.251,-0.119
1043,1936,12,-0.122,-0.268,-0.272,-0.138,-0.104
1044,1937,1,-0.242,-0.368,-0.422,-0.201,-0.192
1045,1937,2,-0.069,-0.208,-0.212,-0.087,-0.028
1046,1937,3,-0.387,-0.418,-0.432,-0.314,-0.338
1047,1937,4,-0.243,-0.408,-0.372,-0.27,-0.206
1048,1937,5,-0.191,-0.318,-0.272,-0.213,-0.17
1049,1937,6,-0.114,-0.288,-0.242,-0.174,-0.084
1050,1937,7,-0.053,-0.288,-0.252,-0.148,-0.036
1051,1937,8,-0.023,-0.218,-0.162,-0.15,-0.04
1052,1937,9,0.007,-0.118,-0.122,-0.064,0.011
1053,1937,10,0.012,-0.158,-0.132,-0.024,0.071
1054,1937,11,-0.106,-0.138,-0.242,-0.09,-0.001
1055,1937,12,-0.221,-0.358,-0.342,-0.151,-0.156
1056,1938,1,-0.095,-0.218,-0.292,-0.061,-0.042
1057,1938,2,-0.091,-0.258,-0.302,-0.134,-0.108
1058,1938,3,-0.051,-0.158,-0.222,-0.095,-0.091
1059,1938,4,-0.031,-0.198,-0.202,-0.075,-0.031
1060,1938,5,-0.2,-0.338,-0.272,-0.257,-0.233
1061,1938,6,-0.167,-0.418,-0.342,-0.297,-0.18
1062,1938,7,-0.152,-0.328,-0.302,-0.262,-0.175
1063,1938,8,-0.093,-0.298,-0.272,-0.197,-0.09
1064,1938,9,-0.052,-0.218,-0.222,-0.118,-0.043
1065,1938,10,0.033,-0.128,-0.172,0.043,0.094
1066,1938,11,-0.087,-0.198,-0.252,-0.116,-0.011
1067,1938,12,-0.404,-0.458,-0.502,-0.29,-0.327
1068,1939,1,-0.176,-0.308,-0.422,-0.208,-0.208
1069,1939,2,-0.153,-0.318,-0.362,-0.281,-0.196
1070,1939,3,-0.379,-0.428,-0.442,-0.358,-0.378
1071,1939,4,-0.214,-0.328,-0.382,-0.185,-0.147
1072,1939,5,-0.139,-0.298,-0.292,-0.107,-0.066
1073,1939,6,-0.046,-0.318,-0.262,-0.181,-0.096
1074,1939,7,-0.061,-0.318,-0.242,-0.189,-0.074
1075,1939,8,-0.072,-0.308,-0.202,-0.207,-0.099
1076,1939,9,-0.189,-0.298,-0.242,-0.229,-0.086
1077,1939,10,-0.386,-0.268,-0.292,-0.284,-0.276
1078,1939,11,-0.237,-0.178,-0.202,-0.25,-0.097
1079,1939,12,0.121,0.202,0.158,0.25,0.206
1080,1940,1,-0.3,-0.288,-0.372,-0.037,-0.088
1081,1940,2,-0.151,-0.108,-0.202,-0.073,-0.047
1082,1940,3,-0.227,-0.088,-0.172,-0.098,-0.218
1083,1940,4,-0.061,-0.058,-0.122,-0.023,0.029
1084,1940,5,-0.089,-0.138,-0.202,-0.142,-0.106
1085,1940,6,-0.074,-0.158,-0.152,-0.164,-0.054
1086,1940,7,0.037,-0.118,-0.112,-0.029,0.055
1087,1940,8,-0.065,-0.188,-0.162,-0.127,-0.017
1088,1940,9,0.014,-0.108,-0.102,-0.052,0.035
1089,1940,10,-0.097,-0.168,-0.152,-0.148,-0.094
1090,1940,11,-0.175,-0.068,-0.152,-0.211,-0.119
1091,1940,12,0.053,0.042,0.018,0.06,0.078
1092,1941,1,-0.2,-0.028,-0.072,-0.14,-0.145
1093,1941,2,-0.125,0.082,-0.032,-0.016,0.003
1094,1941,3,-0.244,-0.158,-0.152,-0.211,-0.216
1095,1941,4,-0.089,-0.068,-0.032,-0.146,-0.058
1096,1941,5,-0.13,-0.098,-0.012,-0.117,-0.075
1097,1941,6,0.011,-0.118,-0.092,-0.108,-0.014
1098,1941,7,0.014,-0.028,-0.052,-0.041,0.042
1099,1941,8,-0.084,-0.098,-0.082,-0.174,-0.094
1100,1941,9,-0.243,-0.218,-0.162,-0.359,-0.254
1101,1941,10,0.108,0.092,0.058,0.057,0.117
1102,1941,11,-0.057,0.002,-0.032,-0.173,-0.101
1103,1941,12,-0.013,-0.028,-0.042,0.081,0.077
1104,1942,1,0.098,0.022,0.038,0.171,0.154
1105,1942,2,-0.196,-0.218,-0.162,-0.205,-0.171
1106,1942,3,-0.198,-0.138,-0.082,-0.122,-0.147
1107,1942,4,-0.173,-0.128,-0.062,-0.205,-0.177
1108,1942,5,-0.127,-0.148,-0.082,-0.152,-0.097
1109,1942,6,-0.074,-0.198,-0.052,-0.187,-0.072
1110,1942,7,-0.189,-0.238,-0.182,-0.24,-0.148
1111,1942,8,-0.175,-0.278,-0.212,-0.292,-0.195
1112,1942,9,-0.106,-0.278,-0.142,-0.28,-0.164
1113,1942,10,-0.192,-0.248,-0.102,-0.185,-0.163
1114,1942,11,-0.174,-0.158,-0.092,-0.155,-0.124
1115,1942,12,-0.108,-0.168,-0.102,-0.035,-0.021
1116,1943,1,-0.322,-0.278,-0.282,-0.225,-0.256
1117,1943,2,-0.04,-0.108,-0.092,-0.093,-0.075
1118,1943,3,-0.312,-0.318,-0.172,-0.236,-0.226
1119,1943,4,-0.111,-0.168,-0.082,-0.077,-0.062
1120,1943,5,-0.126,-0.198,-0.122,-0.133,-0.078
1121,1943,6,-0.204,-0.298,-0.232,-0.26,-0.134
1122,1943,7,-0.105,-0.158,-0.072,-0.168,-0.16
1123,1943,8,-0.117,-0.238,-0.152,-0.136,-0.059
1124,1943,9,-0.133,-0.178,-0.112,-0.18,-0.119
1125,1943,10,0.121,-0.018,0.058,0.101,0.156
1126,1943,11,-0.094,-0.038,-0.012,-0.026,0.045
1127,1943,12,0.083,0.002,0.098,0.051,0.059
1128,1944,1,0.173,0.112,0.168,0.136,0.153
1129,1944,2,0.017,0.022,0.048,0.016,0.05
1130,1944,3,0.027,0.032,0.108,0.039,0.077
1131,1944,4,-0.062,-0.038,0.018,-0.043,-0.019
1132,1944,5,-0.051,-0.048,0.018,-0.057,-0.004
1133,1944,6,0.044,-0.038,0.088,-0.094,-0.028
1134,1944,7,0.112,-0.048,0.058,-0.053,0.038
1135,1944,8,0.128,-0.068,0.018,-0.003,0.085
1136,1944,9,0.185,0.062,0.128,-0.03,0.071
1137,1944,10,0.101,0.022,0.068,0.055,0.09
1138,1944,11,-0.101,-0.138,-0.102,-0.178,-0.074
1139,1944,12,-0.142,-0.218,-0.152,-0.109,-0.056
1140,1945,1,-0.118,-0.138,-0.102,-0.106,-0.084
1141,1945,2,-0.211,-0.258,-0.242,-0.252,-0.188
1142,1945,3,-0.156,-0.168,-0.152,-0.161,-0.15
1143,1945,4,0.06,-0.058,0.018,-0.033,-0.017
1144,1945,5,-0.216,-0.198,-0.082,-0.227,-0.186
1145,1945,6,-0.111,-0.238,-0.112,-0.247,-0.138
1146,1945,7,-0.192,-0.208,-0.092,-0.266,-0.181
1147,1945,8,0.256,0.032,0.098,-0.015,0.152
1148,1945,9,0.053,-0.018,0.008,-0.132,-0.046
1149,1945,10,0.065,-0.058,0.008,-0.009,0.101
1150,1945,11,-0.12,-0.168,-0.062,-0.222,-0.107
1151,1945,12,-0.31,-0.328,-0.302,-0.283,-0.311
1152,1946,1,-0.012,-0.088,-0.032,-0.14,-0.068
1153,1946,2,-0.069,-0.168,-0.162,-0.228,-0.204
1154,1946,3,-0.17,-0.228,-0.252,-0.12,-0.116
1155,1946,4,0.031,-0.178,-0.082,-0.092,-0.012
1156,1946,5,-0.218,-0.318,-0.282,-0.23,-0.183
1157,1946,6,-0.363,-0.448,-0.352,-0.353,-0.361
1158,1946,7,-0.151,-0.378,-0.292,-0.235,-0.132
1159,1946,8,-0.255,-0.408,-0.322,-0.348,-0.255
1160,1946,9,-0.123,-0.308,-0.272,-0.272,-0.153
1161,1946,10,-0.16,-0.298,-0.262,-0.176,-0.097
1162,1946,11,-0.202,-0.298,-0.272,-0.226,-0.192
1163,1946,12,-0.469,-0.588,-0.522,-0.389,-0.424
1164,1947,1,-0.221,-0.358,-0.442,-0.116,-0.187
1165,1947,2,-0.282,-0.318,-0.332,-0.093,-0.098
1166,1947,3,-0.172,-0.168,-0.262,0.004,-0.084
1167,1947,4,-0.019,-0.168,-0.242,-0.072,-0.046
1168,1947,5,-0.165,-0.268,-0.272,-0.18,-0.121
1169,1947,6,-0.104,-0.218,-0.242,-0.191,-0.137
1170,1947,7,-0.111,-0.308,-0.262,-0.185,-0.112
1171,1947,8,-0.148,-0.328,-0.322,-0.257,-0.175
1172,1947,9,-0.176,-0.368,-0.392,-0.22,-0.149
1173,1947,10,-0.04,-0.188,-0.202,0.005,-0.011
1174,1947,11,-0.061,-0.218,-0.282,-0.082,-0.017
1175,1947,12,-0.283,-0.398,-0.402,-0.21,-0.224
1176,1948,1,-0.019,-0.168,-0.212,-0.088,-0.055
1177,1948,2,-0.231,-0.398,-0.352,-0.341,-0.282
1178,1948,3,-0.286,-0.488,-0.442,-0.362,-0.334
1179,1948,4,-0.153,-0.348,-0.322,-0.203,-0.198
1180,1948,5,-0.007,-0.228,-0.112,-0.102,-0.026
1181,1948,6,-0.039,-0.278,-0.272,-0.117,-0.049
1182,1948,7,-0.212,-0.348,-0.322,-0.257,-0.215
1183,1948,8,-0.111,-0.368,-0.282,-0.2,-0.12
1184,1948,9,-0.164,-0.348,-0.362,-0.285,-0.182
1185,1948,10,-0.086,-0.318,-0.322,-0.17,-0.088
1186,1948,11,-0.167,-0.358,-0.312,-0.341,-0.207
1187,1948,12,-0.306,-0.468,-0.372,-0.471,-0.453
1188,1949,1,0.041,-0.148,-0.132,-0.073,-0.066
1189,1949,2,-0.252,-0.408,-0.402,-0.356,-0.314
1190,1949,3,-0.283,-0.268,-0.332,-0.218,-0.232
1191,1949,4,-0.104,-0.338,-0.252,-0.237,-0.185
1192,1949,5,-0.161,-0.318,-0.262,-0.238,-0.21
1193,1949,6,-0.292,-0.468,-0.402,-0.444,-0.362
1194,1949,7,-0.207,-0.378,-0.332,-0.374,-0.291
1195,1949,8,-0.15,-0.358,-0.282,-0.29,-0.222
1196,1949,9,-0.187,-0.378,-0.322,-0.334,-0.257
1197,1949,10,-0.142,-0.308,-0.292,-0.195,-0.164
1198,1949,11,-0.189,-0.338,-0.312,-0.287,-0.197
1199,1949,12,-0.298,-0.468,-0.442,-0.226,-0.269
1200,1950,1,-0.426,-0.568,-0.532,-0.404,-0.395
1201,1950,2,-0.358,-0.518,-0.492,-0.507,-0.453
1202,1950,3,-0.289,-0.308,-0.342,-0.288,-0.335
1203,1950,4,-0.281,-0.438,-0.432,-0.379,-0.345
1204,1950,5,-0.202,-0.338,-0.312,-0.233,-0.246
1205,1950,6,-0.184,-0.268,-0.312,-0.205,-0.177
1206,1950,7,-0.152,-0.338,-0.362,-0.21,-0.139
1207,1950,8,-0.228,-0.408,-0.402,-0.352,-0.294
1208,1950,9,-0.214,-0.358,-0.362,-0.367,-0.298
1209,1950,10,-0.237,-0.458,-0.422,-0.343,-0.271
1210,1950,11,-0.499,-0.618,-0.622,-0.534,-0.458
1211,1950,12,-0.358,-0.438,-0.432,-0.354,-0.384
1212,1951,1,-0.462,-0.578,-0.542,-0.477,-0.486
1213,1951,2,-0.569,-0.668,-0.662,-0.576,-0.552
1214,1951,3,-0.401,-0.448,-0.422,-0.32,-0.364
1215,1951,4,-0.216,-0.368,-0.342,-0.212,-0.224
1216,1951,5,-0.123,-0.238,-0.202,-0.062,-0.045
1217,1951,6,-0.075,-0.258,-0.222,-0.077,-0.005
1218,1951,7,-0.067,-0.208,-0.142,-0.107,-0.088
1219,1951,8,0.027,-0.178,-0.142,0.015,0.087
1220,1951,9,-0.017,-0.148,-0.122,-0.083,0.003
1221,1951,10,0.027,-0.188,-0.142,-0.014,0.028
1222,1951,11,-0.143,-0.248,-0.222,-0.181,-0.131
1223,1951,12,0.072,-0.098,-0.042,0.037,0.034
1224,1952,1,0.076,-0.108,-0.102,0.03,0.037
1225,1952,2,0.022,-0.128,-0.162,-0.006,0.036
1226,1952,3,-0.239,-0.328,-0.302,-0.24,-0.255
1227,1952,4,-0.055,-0.218,-0.182,-0.089,-0.062
1228,1952,5,-0.072,-0.258,-0.222,-0.117,-0.075
1229,1952,6,-0.069,-0.268,-0.212,-0.107,-0.059
1230,1952,7,-0.008,-0.198,-0.182,-0.067,-0.006
1231,1952,8,-0.015,-0.198,-0.192,-0.074,-0.028
1232,1952,9,-0.008,-0.158,-0.182,-0.074,-0.018
1233,1952,10,-0.115,-0.238,-0.292,-0.129,-0.101
1234,1952,11,-0.294,-0.378,-0.452,-0.275,-0.181
1235,1952,12,-0.17,-0.248,-0.262,-0.097,-0.128
1236,1953,1,-0.044,-0.158,-0.152,-0.089,-0.087
1237,1953,2,0.039,-0.088,-0.102,0.003,0.052
1238,1953,3,0.018,-0.128,-0.102,-0.083,-0.073
1239,1953,4,0.083,-0.058,-0.072,0.131,0.149
1240,1953,5,0.03,-0.148,-0.112,0.033,0.046
1241,1953,6,0.059,-0.128,-0.132,0.043,0.103
1242,1953,7,-0.06,-0.238,-0.182,-0.07,-0.026
1243,1953,8,-0.009,-0.178,-0.172,-0.052,0.0
1244,1953,9,-0.031,-0.188,-0.192,-0.071,0.01
1245,1953,10,-0.035,-0.178,-0.182,-0.07,-0.027
1246,1953,11,-0.175,-0.288,-0.312,-0.205,-0.134
1247,1953,12,-0.017,-0.208,-0.192,-0.067,-0.082
1248,1954,1,-0.345,-0.508,-0.482,-0.372,-0.346
1249,1954,2,-0.194,-0.358,-0.342,-0.238,-0.195
1250,1954,3,-0.261,-0.388,-0.342,-0.265,-0.263
1251,1954,4,-0.253,-0.398,-0.432,-0.184,-0.176
1252,1954,5,-0.313,-0.448,-0.452,-0.231,-0.233
1253,1954,6,-0.234,-0.408,-0.372,-0.25,-0.209
1254,1954,7,-0.307,-0.418,-0.372,-0.325,-0.256
1255,1954,8,-0.201,-0.398,-0.342,-0.279,-0.207
1256,1954,9,-0.194,-0.328,-0.312,-0.285,-0.225
1257,1954,10,-0.138,-0.278,-0.322,-0.11,-0.072
1258,1954,11,-0.086,-0.178,-0.212,-0.054,-0.019
1259,1954,12,-0.34,-0.448,-0.442,-0.261,-0.295
1260,1955,1,0.016,-0.098,-0.162,0.028,0.019
1261,1955,2,-0.276,-0.418,-0.382,-0.346,-0.314
1262,1955,3,-0.513,-0.578,-0.562,-0.451,-0.476
1263,1955,4,-0.354,-0.448,-0.492,-0.296,-0.297
1264,1955,5,-0.34,-0.438,-0.382,-0.375,-0.348
1265,1955,6,-0.271,-0.348,-0.322,-0.262,-0.241
1266,1955,7,-0.307,-0.358,-0.342,-0.313,-0.264
1267,1955,8,-0.17,-0.228,-0.282,-0.08,-0.086
1268,1955,9,-0.222,-0.348,-0.342,-0.337,-0.241
1269,1955,10,-0.274,-0.288,-0.382,-0.177,-0.204
1270,1955,11,-0.424,-0.478,-0.492,-0.437,-0.413
1271,1955,12,-0.445,-0.538,-0.522,-0.406,-0.449
1272,1956,1,-0.355,-0.398,-0.432,-0.26,-0.317
1273,1956,2,-0.454,-0.498,-0.532,-0.337,-0.333
1274,1956,3,-0.423,-0.468,-0.452,-0.381,-0.414
1275,1956,4,-0.443,-0.508,-0.542,-0.405,-0.391
1276,1956,5,-0.388,-0.548,-0.482,-0.439,-0.396
1277,1956,6,-0.338,-0.398,-0.402,-0.365,-0.323
1278,1956,7,-0.314,-0.358,-0.392,-0.294,-0.242
1279,1956,8,-0.358,-0.498,-0.442,-0.48,-0.359
1280,1956,9,-0.391,-0.438,-0.502,-0.376,-0.334
1281,1956,10,-0.341,-0.478,-0.452,-0.454,-0.395
1282,1956,11,-0.37,-0.408,-0.412,-0.341,-0.258
1283,1956,12,-0.317,-0.308,-0.402,-0.149,-0.223
1284,1957,1,-0.275,-0.348,-0.372,-0.253,-0.281
1285,1957,2,-0.239,-0.278,-0.372,-0.197,-0.22
1286,1957,3,-0.296,-0.298,-0.322,-0.23,-0.274
1287,1957,4,-0.172,-0.248,-0.272,-0.098,-0.18
1288,1957,5,-0.059,-0.148,-0.142,-0.041,-0.026
1289,1957,6,-0.026,-0.078,-0.092,0.031,0.017
1290,1957,7,-0.108,-0.228,-0.192,-0.179,-0.099
1291,1957,8,-0.015,-0.088,-0.122,-0.023,0.032
1292,1957,9,-0.071,-0.148,-0.182,-0.112,-0.037
1293,1957,10,-0.123,-0.228,-0.242,-0.071,-0.09
1294,1957,11,-0.053,-0.178,-0.122,-0.12,-0.08
1295,1957,12,0.043,-0.078,-0.022,-0.028,-0.05
1296,1958,1,0.159,0.152,0.038,0.18,0.168
1297,1958,2,0.076,0.002,-0.042,0.044,0.058
1298,1958,3,-0.107,-0.128,-0.132,-0.03,-0.074
1299,1958,4,-0.073,-0.208,-0.142,-0.104,-0.15
1300,1958,5,-0.076,-0.168,-0.152,-0.104,-0.081
1301,1958,6,-0.123,-0.308,-0.192,-0.281,-0.235
1302,1958,7,-0.067,-0.188,-0.192,-0.196,-0.079
1303,1958,8,-0.104,-0.268,-0.202,-0.256,-0.164
1304,1958,9,-0.161,-0.258,-0.232,-0.281,-0.173
1305,1958,10,-0.094,-0.198,-0.212,-0.122,-0.09
1306,1958,11,-0.097,-0.218,-0.162,-0.122,-0.092
1307,1958,12,-0.078,-0.238,-0.102,-0.081,-0.131
1308,1959,1,-0.021,-0.158,-0.132,-0.066,-0.092
1309,1959,2,-0.075,-0.148,-0.192,-0.13,-0.123
1310,1959,3,-0.029,-0.058,-0.052,-0.022,-0.078
1311,1959,4,-0.062,-0.108,-0.132,0.005,-0.03
1312,1959,5,-0.118,-0.198,-0.232,-0.113,-0.119
1313,1959,6,-0.046,-0.218,-0.172,-0.1,-0.04
1314,1959,7,-0.078,-0.178,-0.182,-0.175,-0.112
1315,1959,8,-0.061,-0.258,-0.202,-0.181,-0.077
1316,1959,9,-0.067,-0.298,-0.162,-0.284,-0.185
1317,1959,10,-0.142,-0.328,-0.272,-0.174,-0.12
1318,1959,11,-0.219,-0.328,-0.332,-0.285,-0.225
1319,1959,12,-0.177,-0.258,-0.292,-0.145,-0.187
1320,1960,1,-0.14,-0.248,-0.252,-0.148,-0.171
1321,1960,2,-0.004,-0.078,-0.072,-0.046,-0.023
1322,1960,3,-0.422,-0.578,-0.462,-0.469,-0.508
1323,1960,4,-0.284,-0.378,-0.352,-0.307,-0.339
1324,1960,5,-0.264,-0.308,-0.342,-0.265,-0.249
1325,1960,6,-0.138,-0.278,-0.182,-0.17,-0.139
1326,1960,7,-0.136,-0.268,-0.222,-0.22,-0.13
1327,1960,8,-0.1,-0.228,-0.212,-0.111,-0.06
1328,1960,9,-0.044,-0.168,-0.192,-0.133,-0.036
1329,1960,10,-0.135,-0.168,-0.222,-0.087,-0.068
1330,1960,11,-0.257,-0.358,-0.302,-0.321,-0.256
1331,1960,12,0.038,-0.058,-0.032,0.061,0.03
1332,1961,1,-0.063,-0.168,-0.132,-0.077,-0.128
1333,1961,2,0.069,-0.048,-0.082,0.021,0.023
1334,1961,3,-0.015,-0.158,-0.092,-0.052,-0.113
1335,1961,4,-0.012,-0.118,-0.122,0.033,0.001
1336,1961,5,-0.016,-0.128,-0.092,0.011,0.001
1337,1961,6,0.003,-0.128,-0.102,-0.051,-0.006
1338,1961,7,-0.089,-0.238,-0.222,-0.201,-0.091
1339,1961,8,-0.075,-0.208,-0.222,-0.198,-0.08
1340,1961,9,-0.137,-0.168,-0.262,-0.157,-0.114
1341,1961,10,-0.141,-0.238,-0.292,-0.166,-0.136
1342,1961,11,-0.126,-0.208,-0.242,-0.14,-0.099
1343,1961,12,-0.225,-0.388,-0.272,-0.264,-0.303
1344,1962,1,-0.055,-0.168,-0.122,-0.085,-0.121
1345,1962,2,0.027,-0.098,-0.082,-0.015,0.005
1346,1962,3,-0.08,-0.118,-0.132,-0.008,-0.047
1347,1962,4,-0.084,-0.198,-0.182,-0.07,-0.085
1348,1962,5,-0.155,-0.278,-0.192,-0.252,-0.209
1349,1962,6,-0.16,-0.198,-0.192,-0.164,-0.133
1350,1962,7,-0.09,-0.218,-0.162,-0.247,-0.139
1351,1962,8,-0.113,-0.248,-0.202,-0.249,-0.152
1352,1962,9,-0.125,-0.228,-0.192,-0.26,-0.162
1353,1962,10,-0.066,-0.238,-0.172,-0.187,-0.093
1354,1962,11,-0.098,-0.168,-0.182,-0.137,-0.072
1355,1962,12,-0.12,-0.238,-0.172,-0.152,-0.183
1356,1963,1,-0.153,-0.258,-0.212,-0.136,-0.164
1357,1963,2,0.04,-0.038,-0.002,-0.027,-0.007
1358,1963,3,-0.255,-0.378,-0.282,-0.349,-0.364
1359,1963,4,-0.177,-0.298,-0.262,-0.217,-0.222
1360,1963,5,-0.13,-0.278,-0.242,-0.231,-0.184
1361,1963,6,-0.141,-0.188,-0.202,-0.155,-0.127
1362,1963,7,0.003,-0.158,-0.112,-0.089,0.019
1363,1963,8,0.018,0.032,-0.102,0.039,0.093
1364,1963,9,0.019,-0.038,-0.092,-0.03,0.075
1365,1963,10,0.117,-0.088,-0.042,-0.059,0.026
1366,1963,11,0.056,-0.088,-0.062,-0.015,0.02
1367,1963,12,-0.114,-0.248,-0.172,-0.094,-0.109
1368,1964,1,-0.161,-0.318,-0.202,-0.206,-0.252
1369,1964,2,-0.235,-0.368,-0.362,-0.279,-0.265
1370,1964,3,-0.386,-0.468,-0.392,-0.427,-0.443
1371,1964,4,-0.354,-0.558,-0.442,-0.454,-0.479
1372,1964,5,-0.285,-0.488,-0.352,-0.45,-0.392
1373,1964,6,-0.269,-0.258,-0.342,-0.239,-0.186
1374,1964,7,-0.28,-0.268,-0.362,-0.322,-0.244
1375,1964,8,-0.364,-0.448,-0.422,-0.467,-0.383
1376,1964,9,-0.39,-0.528,-0.462,-0.524,-0.467
1377,1964,10,-0.375,-0.548,-0.522,-0.419,-0.36
1378,1964,11,-0.403,-0.448,-0.462,-0.396,-0.368
1379,1964,12,-0.461,-0.538,-0.522,-0.369,-0.415
1380,1965,1,-0.214,-0.318,-0.322,-0.176,-0.214
1381,1965,2,-0.357,-0.408,-0.452,-0.314,-0.331
1382,1965,3,-0.326,-0.348,-0.352,-0.315,-0.3
1383,1965,4,-0.363,-0.428,-0.442,-0.318,-0.36
1384,1965,5,-0.27,-0.378,-0.332,-0.264,-0.261
1385,1965,6,-0.218,-0.328,-0.302,-0.335,-0.275
1386,1965,7,-0.291,-0.358,-0.342,-0.383,-0.31
1387,1965,8,-0.214,-0.268,-0.302,-0.255,-0.196
1388,1965,9,-0.196,-0.398,-0.302,-0.395,-0.295
1389,1965,10,-0.132,-0.288,-0.232,-0.195,-0.15
1390,1965,11,-0.238,-0.308,-0.342,-0.233,-0.188
1391,1965,12,-0.173,-0.298,-0.272,-0.176,-0.194
1392,1966,1,-0.202,-0.408,-0.302,-0.278,-0.299
1393,1966,2,-0.201,-0.248,-0.292,-0.199,-0.199
1394,1966,3,-0.175,-0.188,-0.252,-0.209,-0.22
1395,1966,4,-0.213,-0.368,-0.342,-0.193,-0.229
1396,1966,5,-0.246,-0.348,-0.292,-0.264,-0.278
1397,1966,6,-0.07,-0.228,-0.202,-0.159,-0.114
1398,1966,7,-0.078,-0.148,-0.192,-0.09,-0.039
1399,1966,8,-0.125,-0.318,-0.232,-0.233,-0.153
1400,1966,9,-0.146,-0.258,-0.232,-0.196,-0.138
1401,1966,10,-0.212,-0.388,-0.312,-0.335,-0.256
1402,1966,11,-0.203,-0.258,-0.302,-0.211,-0.165
1403,1966,12,-0.248,-0.298,-0.382,-0.161,-0.176
1404,1967,1,-0.28,-0.298,-0.362,-0.228,-0.27
1405,1967,2,-0.345,-0.448,-0.422,-0.392,-0.395
1406,1967,3,-0.158,-0.198,-0.252,-0.129,-0.137
1407,1967,4,-0.171,-0.288,-0.252,-0.14,-0.178
1408,1967,5,-0.032,-0.088,-0.132,0.064,0.056
1409,1967,6,-0.189,-0.318,-0.282,-0.168,-0.135
1410,1967,7,-0.171,-0.228,-0.272,-0.147,-0.071
1411,1967,8,-0.169,-0.228,-0.262,-0.159,-0.135
1412,1967,9,-0.201,-0.298,-0.282,-0.221,-0.182
1413,1967,10,-0.046,-0.158,-0.122,-0.094,-0.058
1414,1967,11,-0.167,-0.308,-0.282,-0.261,-0.164
1415,1967,12,-0.255,-0.268,-0.292,-0.155,-0.163
1416,1968,1,-0.349,-0.498,-0.442,-0.325,-0.352
1417,1968,2,-0.32,-0.388,-0.382,-0.306,-0.309
1418,1968,3,-0.072,-0.038,-0.102,-0.026,-0.025
1419,1968,4,-0.277,-0.298,-0.322,-0.175,-0.212
1420,1968,5,-0.326,-0.368,-0.332,-0.269,-0.28
1421,1968,6,-0.215,-0.318,-0.272,-0.187,-0.17
1422,1968,7,-0.21,-0.358,-0.272,-0.299,-0.247
1423,1968,8,-0.167,-0.328,-0.272,-0.272,-0.185
1424,1968,9,-0.194,-0.418,-0.262,-0.383,-0.31
1425,1968,10,-0.129,-0.128,-0.212,-0.07,-0.04
1426,1968,11,-0.179,-0.268,-0.242,-0.257,-0.185
1427,1968,12,-0.218,-0.368,-0.302,-0.199,-0.223
1428,1969,1,-0.28,-0.348,-0.382,-0.174,-0.198
1429,1969,2,-0.276,-0.378,-0.362,-0.25,-0.246
1430,1969,3,-0.113,-0.228,-0.132,-0.148,-0.145
1431,1969,4,-0.002,-0.058,-0.062,0.045,-0.003
1432,1969,5,0.024,-0.048,-0.082,0.079,0.052
1433,1969,6,-0.083,-0.188,-0.182,-0.047,-0.039
1434,1969,7,-0.07,-0.268,-0.162,-0.252,-0.182
1435,1969,8,-0.054,-0.208,-0.162,-0.165,-0.085
1436,1969,9,-0.089,-0.148,-0.172,-0.123,-0.067
1437,1969,10,-0.077,-0.108,-0.182,-0.087,-0.057
1438,1969,11,0.023,-0.118,-0.062,-0.085,-0.006
1439,1969,12,0.086,0.032,-0.012,0.156,0.126
1440,1970,1,-0.038,-0.148,-0.132,0.003,-0.028
1441,1970,2,0.036,-0.018,-0.022,-0.002,0.013
1442,1970,3,-0.177,-0.158,-0.222,-0.122,-0.133
1443,1970,4,-0.052,-0.148,-0.122,-0.059,-0.105
1444,1970,5,-0.144,-0.278,-0.212,-0.169,-0.186
1445,1970,6,-0.123,-0.258,-0.222,-0.19,-0.125
1446,1970,7,-0.158,-0.258,-0.282,-0.236,-0.169
1447,1970,8,-0.201,-0.328,-0.272,-0.331,-0.251
1448,1970,9,-0.148,-0.128,-0.252,-0.119,-0.065
1449,1970,10,-0.183,-0.178,-0.292,-0.165,-0.118
1450,1970,11,-0.158,-0.218,-0.232,-0.214,-0.14
1451,1970,12,-0.274,-0.358,-0.352,-0.253,-0.273
1452,1971,1,-0.21,-0.258,-0.262,-0.193,-0.21
1453,1971,2,-0.397,-0.428,-0.472,-0.352,-0.346
1454,1971,3,-0.39,-0.408,-0.392,-0.363,-0.369
1455,1971,4,-0.345,-0.318,-0.382,-0.222,-0.284
1456,1971,5,-0.322,-0.288,-0.342,-0.282,-0.315
1457,1971,6,-0.343,-0.428,-0.382,-0.332,-0.291
1458,1971,7,-0.238,-0.348,-0.322,-0.317,-0.253
1459,1971,8,-0.276,-0.268,-0.322,-0.269,-0.261
1460,1971,9,-0.232,-0.278,-0.302,-0.217,-0.19
1461,1971,10,-0.273,-0.298,-0.332,-0.229,-0.232
1462,1971,11,-0.194,-0.288,-0.222,-0.238,-0.179
1463,1971,12,-0.307,-0.328,-0.272,-0.286,-0.296
1464,1972,1,-0.487,-0.478,-0.492,-0.425,-0.467
1465,1972,2,-0.399,-0.398,-0.422,-0.364,-0.386
1466,1972,3,-0.24,-0.218,-0.252,-0.151,-0.208
1467,1972,4,-0.185,-0.238,-0.212,-0.169,-0.203
1468,1972,5,-0.173,-0.278,-0.242,-0.163,-0.202
1469,1972,6,-0.1,-0.178,-0.172,-0.135,-0.103
1470,1972,7,-0.125,-0.228,-0.192,-0.231,-0.165
1471,1972,8,-0.092,-0.068,-0.162,-0.041,-0.035
1472,1972,9,-0.161,-0.218,-0.232,-0.186,-0.153
1473,1972,10,-0.101,-0.148,-0.162,-0.163,-0.134
1474,1972,11,-0.106,-0.198,-0.172,-0.208,-0.146
1475,1972,12,0.079,-0.048,-0.002,0.027,-0.005
1476,1973,1,0.039,0.052,0.008,0.062,-0.01
1477,1973,2,0.17,0.072,0.118,0.116,0.079
1478,1973,3,0.118,0.032,0.078,-0.005,0.012
1479,1973,4,0.054,0.022,-0.002,0.105,0.066
1480,1973,5,-0.023,0.012,-0.042,0.064,0.032
1481,1973,6,0.002,-0.068,-0.062,-0.03,0.003
1482,1973,7,-0.082,-0.138,-0.142,-0.167,-0.094
1483,1973,8,-0.091,-0.208,-0.182,-0.18,-0.127
1484,1973,9,-0.15,-0.148,-0.202,-0.219,-0.144
1485,1973,10,-0.155,-0.098,-0.212,-0.137,-0.108
1486,1973,11,-0.207,-0.178,-0.232,-0.209,-0.149
1487,1973,12,-0.221,-0.298,-0.232,-0.231,-0.239
1488,1974,1,-0.48,-0.388,-0.452,-0.366,-0.451
1489,1974,2,-0.518,-0.528,-0.512,-0.512,-0.57
1490,1974,3,-0.337,-0.298,-0.302,-0.327,-0.358
1491,1974,4,-0.288,-0.358,-0.302,-0.259,-0.318
1492,1974,5,-0.304,-0.258,-0.282,-0.262,-0.281
1493,1974,6,-0.261,-0.308,-0.292,-0.23,-0.195
1494,1974,7,-0.235,-0.288,-0.232,-0.289,-0.243
1495,1974,8,-0.191,-0.138,-0.242,-0.093,-0.045
1496,1974,9,-0.237,-0.358,-0.302,-0.274,-0.211
1497,1974,10,-0.328,-0.318,-0.332,-0.277,-0.255
1498,1974,11,-0.325,-0.308,-0.322,-0.27,-0.249
1499,1974,12,-0.35,-0.328,-0.352,-0.296,-0.341
1500,1975,1,-0.183,-0.168,-0.132,-0.164,-0.231
1501,1975,2,-0.201,-0.178,-0.222,-0.102,-0.142
1502,1975,3,-0.185,-0.108,-0.142,-0.08,-0.132
1503,1975,4,-0.198,-0.188,-0.172,-0.118,-0.16
1504,1975,5,-0.194,-0.078,-0.182,-0.048,-0.089
1505,1975,6,-0.194,-0.238,-0.222,-0.163,-0.169
1506,1975,7,-0.218,-0.248,-0.252,-0.286,-0.234
1507,1975,8,-0.288,-0.428,-0.322,-0.437,-0.369
1508,1975,9,-0.234,-0.268,-0.242,-0.281,-0.252
1509,1975,10,-0.342,-0.328,-0.382,-0.29,-0.253
1510,1975,11,-0.427,-0.398,-0.402,-0.473,-0.419
1511,1975,12,-0.417,-0.408,-0.342,-0.346,-0.399
1512,1976,1,-0.341,-0.248,-0.272,-0.263,-0.317
1513,1976,2,-0.437,-0.298,-0.372,-0.357,-0.404
1514,1976,3,-0.553,-0.448,-0.492,-0.468,-0.503
1515,1976,4,-0.303,-0.318,-0.282,-0.293,-0.326
1516,1976,5,-0.425,-0.478,-0.382,-0.487,-0.515
1517,1976,6,-0.358,-0.398,-0.332,-0.4,-0.393
1518,1976,7,-0.29,-0.338,-0.342,-0.304,-0.239
1519,1976,8,-0.31,-0.378,-0.342,-0.396,-0.354
1520,1976,9,-0.27,-0.328,-0.302,-0.271,-0.262
1521,1976,10,-0.424,-0.498,-0.442,-0.432,-0.405
1522,1976,11,-0.288,-0.278,-0.292,-0.303,-0.292
1523,1976,12,-0.195,-0.138,-0.162,-0.102,-0.165
1524,1977,1,-0.182,-0.048,-0.192,0.059,-0.017
1525,1977,2,-0.031,-0.018,-0.022,-0.019,-0.037
1526,1977,3,-0.006,0.012,0.058,-0.062,-0.081
1527,1977,4,-0.014,0.032,0.028,0.032,-0.029
1528,1977,5,-0.036,0.062,-0.022,0.105,0.033
1529,1977,6,0.004,0.002,-0.012,0.07,0.054
1530,1977,7,-0.043,-0.038,-0.082,-0.04,-0.008
1531,1977,8,-0.109,-0.078,-0.112,-0.007,-0.022
1532,1977,9,-0.075,-0.238,-0.072,-0.218,-0.153
1533,1977,10,-0.113,-0.218,-0.142,-0.198,-0.173
1534,1977,11,0.033,-0.068,0.008,-0.088,-0.03
1535,1977,12,-0.159,-0.208,-0.142,-0.167,-0.21
1536,1978,1,-0.091,-0.178,-0.092,-0.129,-0.147
1537,1978,2,-0.143,-0.098,-0.132,-0.085,-0.106
1538,1978,3,-0.08,-0.028,-0.032,-0.076,-0.093
1539,1978,4,-0.169,-0.088,-0.122,-0.035,-0.095
1540,1978,5,-0.193,-0.178,-0.192,-0.105,-0.149
1541,1978,6,-0.243,-0.258,-0.202,-0.26,-0.264
1542,1978,7,-0.174,-0.208,-0.192,-0.194,-0.173
1543,1978,8,-0.293,-0.418,-0.252,-0.48,-0.403
1544,1978,9,-0.162,-0.188,-0.182,-0.172,-0.138
1545,1978,10,-0.22,-0.238,-0.192,-0.26,-0.238
1546,1978,11,-0.062,-0.088,-0.032,-0.088,-0.035
1547,1978,12,-0.206,-0.138,-0.102,-0.136,-0.169
1548,1979,1,-0.137,-0.118,-0.092,-0.085,-0.115
1549,1979,2,-0.246,-0.338,-0.162,-0.344,-0.348
1550,1979,3,-0.092,-0.058,-0.012,-0.065,-0.109
1551,1979,4,-0.158,-0.108,-0.142,-0.027,-0.09
1552,1979,5,-0.141,-0.188,-0.102,-0.167,-0.227
1553,1979,6,-0.05,-0.108,-0.042,-0.148,-0.121
1554,1979,7,-0.054,-0.218,-0.082,-0.235,-0.165
1555,1979,8,-0.025,-0.108,-0.032,-0.102,-0.068
1556,1979,9,-0.016,0.012,-0.002,0.002,-0.019
1557,1979,10,0.027,0.002,0.038,-0.023,-0.008
1558,1979,11,0.038,0.042,0.038,-0.005,0.045
1559,1979,12,0.247,0.232,0.248,0.252,0.213
1560,1980,1,0.026,0.062,0.058,0.118,0.056
1561,1980,2,0.109,0.192,0.098,0.191,0.189
1562,1980,3,-0.039,0.062,-0.012,0.105,0.059
1563,1980,4,0.036,0.092,0.058,0.17,0.084
1564,1980,5,0.034,0.112,0.058,0.13,0.066
1565,1980,6,-0.038,-0.068,-0.012,-0.041,-0.059
1566,1980,7,-0.047,0.042,-0.042,0.049,0.051
1567,1980,8,-0.07,-0.008,-0.062,0.001,-0.001
1568,1980,9,-0.069,-0.048,-0.052,-0.058,-0.029
1569,1980,10,-0.097,-0.058,-0.072,-0.103,-0.076
1570,1980,11,0.021,0.052,0.078,-0.007,0.048
1571,1980,12,-0.053,-0.048,0.008,-0.054,-0.087
1572,1981,1,0.221,0.312,0.218,0.315,0.277
1573,1981,2,0.089,0.172,0.108,0.143,0.118
1574,1981,3,0.1,0.252,0.158,0.2,0.148
1575,1981,4,0.023,0.072,0.098,0.066,-0.03
1576,1981,5,-0.042,0.002,0.008,0.022,-0.038
1577,1981,6,0.017,0.072,0.028,0.107,0.092
1578,1981,7,-0.019,0.102,-0.032,0.099,0.112
1579,1981,8,0.013,0.082,-0.012,0.12,0.121
1580,1981,9,-0.036,-0.068,-0.072,-0.046,-0.004
1581,1981,10,-0.104,-0.098,-0.082,-0.12,-0.1
1582,1981,11,-0.036,0.002,-0.042,-0.067,-0.021
1583,1981,12,0.157,0.192,0.168,0.212,0.18
1584,1982,1,-0.153,-0.138,-0.122,-0.128,-0.17
1585,1982,2,-0.102,-0.088,-0.092,-0.117,-0.1
1586,1982,3,-0.237,-0.248,-0.172,-0.276,-0.312
1587,1982,4,-0.079,-0.138,-0.052,-0.165,-0.165
1588,1982,5,-0.068,-0.078,-0.062,-0.106,-0.114
1589,1982,6,-0.163,-0.188,-0.132,-0.215,-0.192
1590,1982,7,-0.124,-0.108,-0.112,-0.144,-0.101
1591,1982,8,-0.117,-0.168,-0.112,-0.208,-0.173
1592,1982,9,-0.033,-0.098,-0.022,-0.134,-0.105
1593,1982,10,-0.102,-0.108,-0.072,-0.125,-0.069
1594,1982,11,-0.117,-0.088,-0.102,-0.179,-0.111
1595,1982,12,0.142,0.192,0.178,0.172,0.126
1596,1983,1,0.32,0.282,0.258,0.242,0.233
1597,1983,2,0.205,0.162,0.228,0.168,0.145
1598,1983,3,0.105,0.182,0.178,0.107,0.073
1599,1983,4,0.012,0.072,0.038,0.078,0.001
1600,1983,5,0.029,0.122,0.038,0.124,0.076
1601,1983,6,0.026,-0.038,0.008,-0.042,-0.004
1602,1983,7,0.044,-0.058,0.008,-0.098,-0.036
1603,1983,8,0.092,0.092,0.068,0.097,0.123
1604,1983,9,0.08,0.152,0.058,0.131,0.154
1605,1983,10,-0.009,-0.078,-0.042,-0.108,-0.066
1606,1983,11,0.148,0.082,0.178,-0.0,0.086
1607,1983,12,-0.019,-0.058,0.018,-0.032,-0.038
1608,1984,1,0.01,0.062,0.028,0.037,0.002
1609,1984,2,-0.095,-0.068,-0.082,-0.12,-0.159
1610,1984,3,-0.059,0.052,0.018,0.025,-0.025
1611,1984,4,-0.154,-0.158,-0.102,-0.087,-0.151
1612,1984,5,-0.016,0.092,0.028,0.115,0.072
1613,1984,6,-0.123,-0.178,-0.122,-0.17,-0.173
1614,1984,7,-0.145,-0.068,-0.132,-0.222,-0.158
1615,1984,8,-0.067,-0.078,-0.082,-0.098,-0.043
1616,1984,9,-0.075,-0.028,-0.112,-0.056,0.002
1617,1984,10,-0.13,-0.078,-0.142,-0.152,-0.139
1618,1984,11,-0.229,-0.178,-0.212,-0.282,-0.192
1619,1984,12,-0.382,-0.288,-0.352,-0.282,-0.318
1620,1985,1,-0.097,-0.018,-0.082,0.032,-0.015
1621,1985,2,-0.241,-0.288,-0.232,-0.226,-0.236
1622,1985,3,-0.134,-0.068,-0.062,-0.078,-0.113
1623,1985,4,-0.148,-0.128,-0.112,-0.098,-0.174
1624,1985,5,-0.111,-0.068,-0.062,-0.091,-0.137
1625,1985,6,-0.169,-0.058,-0.132,-0.118,-0.09
1626,1985,7,-0.168,-0.248,-0.182,-0.288,-0.222
1627,1985,8,-0.082,-0.088,-0.132,-0.07,-0.036
1628,1985,9,-0.14,-0.088,-0.152,-0.11,-0.083
1629,1985,10,-0.09,-0.118,-0.122,-0.148,-0.11
1630,1985,11,-0.18,-0.148,-0.142,-0.23,-0.155
1631,1985,12,-0.094,-0.088,-0.052,-0.073,-0.098
1632,1986,1,0.016,0.052,0.068,-0.028,-0.034
1633,1986,2,-0.018,0.142,0.028,0.143,0.125
1634,1986,3,-0.033,0.042,0.038,-0.008,-0.047
1635,1986,4,-0.03,0.002,0.008,0.055,-0.035
1636,1986,5,-0.063,0.002,-0.002,-0.008,-0.063
1637,1986,6,-0.059,-0.128,-0.002,-0.159,-0.144
1638,1986,7,-0.11,-0.128,-0.092,-0.162,-0.13
1639,1986,8,-0.106,-0.118,-0.092,-0.087,-0.085
1640,1986,9,-0.097,-0.238,-0.082,-0.196,-0.171
1641,1986,10,-0.042,-0.108,-0.052,-0.127,-0.079
1642,1986,11,-0.115,-0.128,-0.102,-0.202,-0.13
1643,1986,12,-0.098,-0.068,-0.032,-0.093,-0.143
1644,1987,1,0.004,0.122,0.058,0.072,0.023
1645,1987,2,0.194,0.222,0.248,0.112,0.118
1646,1987,3,-0.086,-0.078,-0.002,-0.061,-0.1
1647,1987,4,-0.013,-0.008,0.048,0.026,-0.045
1648,1987,5,0.04,0.012,0.078,0.045,-0.02
1649,1987,6,0.019,0.132,0.048,0.098,0.066
1650,1987,7,0.161,0.212,0.158,0.174,0.198
1651,1987,8,0.129,0.042,0.128,0.03,0.046
1652,1987,9,0.166,0.152,0.178,0.059,0.096
1653,1987,10,0.096,0.082,0.078,0.032,0.068
1654,1987,11,0.089,0.022,0.078,-0.071,0.014
1655,1987,12,0.214,0.242,0.278,0.231,0.183
1656,1988,1,0.28,0.332,0.298,0.287,0.264
1657,1988,2,0.125,0.192,0.138,0.146,0.145
1658,1988,3,0.154,0.272,0.228,0.184,0.181
1659,1988,4,0.117,0.212,0.188,0.21,0.132
1660,1988,5,0.103,0.202,0.128,0.174,0.143
1661,1988,6,0.113,0.192,0.128,0.169,0.155
1662,1988,7,0.065,0.112,0.088,0.059,0.063
1663,1988,8,0.068,0.232,0.068,0.156,0.108
1664,1988,9,0.075,0.172,0.068,0.091,0.111
1665,1988,10,0.031,0.162,0.048,0.04,0.091
1666,1988,11,-0.081,-0.118,-0.022,-0.223,-0.128
1667,1988,12,0.038,0.092,0.108,-0.0,0.002
1668,1989,1,-0.096,-0.088,-0.042,-0.198,-0.225
1669,1989,2,0.041,0.112,0.048,0.073,0.069
1670,1989,3,0.028,0.132,0.078,0.025,0.0
1671,1989,4,-0.027,0.092,0.028,0.055,-0.039
1672,1989,5,-0.029,-0.068,0.018,-0.145,-0.124
1673,1989,6,-0.034,-0.088,0.018,-0.138,-0.089
1674,1989,7,0.048,0.102,0.048,0.03,0.091
1675,1989,8,0.069,0.132,0.048,0.027,0.061
1676,1989,9,0.034,0.132,0.048,0.051,0.114
1677,1989,10,0.043,0.082,0.048,0.051,0.068
1678,1989,11,-0.048,-0.028,-0.002,-0.144,-0.086
1679,1989,12,0.093,0.152,0.148,0.146,0.105
1680,1990,1,0.109,0.172,0.098,0.158,0.119
1681,1990,2,0.199,0.182,0.148,0.099,0.12
1682,1990,3,0.454,0.532,0.478,0.454,0.433
1683,1990,4,0.258,0.312,0.238,0.358,0.315
1684,1990,5,0.17,0.222,0.168,0.259,0.204
1685,1990,6,0.169,0.152,0.148,0.141,0.157
1686,1990,7,0.123,0.202,0.088,0.18,0.194
1687,1990,8,0.142,0.062,0.088,0.065,0.086
1688,1990,9,0.07,0.052,0.058,0.009,0.04
1689,1990,10,0.224,0.182,0.168,0.169,0.242
1690,1990,11,0.21,0.222,0.218,0.138,0.183
1691,1990,12,0.14,0.172,0.188,0.156,0.108
1692,1991,1,0.18,0.172,0.198,0.147,0.133
1693,1991,2,0.19,0.262,0.208,0.217,0.22
1694,1991,3,0.09,0.112,0.108,0.104,0.087
1695,1991,4,0.275,0.282,0.258,0.309,0.27
1696,1991,5,0.195,0.142,0.148,0.16,0.159
1697,1991,6,0.198,0.292,0.228,0.258,0.245
1698,1991,7,0.199,0.242,0.188,0.224,0.294
1699,1991,8,0.15,0.162,0.128,0.164,0.204
1700,1991,9,0.135,0.242,0.128,0.172,0.209
1701,1991,10,0.083,0.062,0.078,0.063,0.079
1702,1991,11,0.052,0.072,0.068,0.031,0.082
1703,1991,12,0.012,0.092,0.048,0.109,0.056
1704,1992,1,0.259,0.202,0.218,0.238,0.21
1705,1992,2,0.211,0.182,0.198,0.174,0.148
1706,1992,3,0.15,0.232,0.178,0.208,0.164
1707,1992,4,0.029,0.002,0.038,0.078,0.009
1708,1992,5,0.065,0.082,0.068,0.08,0.058
1709,1992,6,0.022,0.022,0.028,0.034,0.022
1710,1992,7,-0.124,-0.118,-0.122,-0.113,-0.126
1711,1992,8,-0.101,-0.158,-0.112,-0.158,-0.114
1712,1992,9,-0.172,-0.238,-0.192,-0.278,-0.224
1713,1992,10,-0.156,-0.148,-0.142,-0.21,-0.15
1714,1992,11,-0.192,-0.208,-0.162,-0.254,-0.193
1715,1992,12,-0.026,-0.028,0.028,-0.017,-0.06
1716,1993,1,0.199,0.142,0.128,0.148,0.153
1717,1993,2,0.145,0.152,0.138,0.126,0.12
1718,1993,3,0.131,0.122,0.168,0.111,0.099
1719,1993,4,0.023,0.032,0.058,0.09,0.016
1720,1993,5,0.07,0.042,0.088,0.033,0.028
1721,1993,6,0.071,0.022,0.038,0.023,0.045
1722,1993,7,0.023,0.042,-0.022,-0.002,0.027
1723,1993,8,-0.011,-0.108,-0.042,-0.091,-0.065
1724,1993,9,-0.038,-0.138,-0.082,-0.09,-0.033
1725,1993,10,0.001,-0.008,-0.012,-0.001,0.022
1726,1993,11,-0.144,-0.168,-0.162,-0.166,-0.108
1727,1993,12,0.021,-0.078,0.048,-0.043,-0.059
1728,1994,1,0.074,0.042,0.038,0.023,0.024
1729,1994,2,-0.156,-0.208,-0.172,-0.195,-0.173
1730,1994,3,0.114,0.032,0.098,0.076,0.066
1731,1994,4,0.102,0.172,0.098,0.164,0.11
1732,1994,5,0.16,0.042,0.128,0.081,0.106
1733,1994,6,0.154,0.192,0.128,0.188,0.205
1734,1994,7,0.062,0.072,0.058,0.028,0.087
1735,1994,8,0.078,-0.018,0.058,-0.047,0.028
1736,1994,9,0.082,0.052,0.078,0.053,0.098
1737,1994,10,0.203,0.182,0.178,0.185,0.234
1738,1994,11,0.206,0.222,0.198,0.145,0.213
1739,1994,12,0.138,0.122,0.148,0.12,0.07
1740,1995,1,0.313,0.272,0.298,0.24,0.237
1741,1995,2,0.493,0.542,0.438,0.459,0.474
1742,1995,3,0.214,0.222,0.208,0.195,0.179
1743,1995,4,0.177,0.242,0.158,0.282,0.231
1744,1995,5,0.11,0.032,0.098,0.075,0.05
1745,1995,6,0.204,0.172,0.208,0.217,0.23
1746,1995,7,0.223,0.242,0.168,0.247,0.296
1747,1995,8,0.249,0.232,0.248,0.268,0.258
1748,1995,9,0.155,0.092,0.128,0.118,0.133
1749,1995,10,0.228,0.242,0.188,0.235,0.248
1750,1995,11,0.216,0.212,0.198,0.179,0.232
1751,1995,12,0.024,0.052,0.098,0.053,0.002
1752,1996,1,0.008,0.012,0.008,0.055,0.033
1753,1996,2,0.215,0.242,0.198,0.297,0.28
1754,1996,3,0.078,0.082,0.068,0.166,0.125
1755,1996,4,0.022,0.122,0.018,0.19,0.081
1756,1996,5,0.116,0.042,0.128,0.038,0.068
1757,1996,6,0.06,0.012,0.098,-0.016,0.006
1758,1996,7,0.113,0.122,0.068,0.095,0.185
1759,1996,8,0.099,0.252,0.068,0.256,0.201
1760,1996,9,-0.004,0.022,0.008,0.015,0.059
1761,1996,10,0.024,-0.048,-0.022,-0.058,0.005
1762,1996,11,0.038,0.172,0.028,0.151,0.15
1763,1996,12,0.124,0.172,0.138,0.206,0.156
1764,1997,1,0.103,0.082,0.118,0.1,0.076
1765,1997,2,0.205,0.142,0.178,0.14,0.136
1766,1997,3,0.236,0.292,0.208,0.296,0.258
1767,1997,4,0.158,0.122,0.198,0.237,0.204
1768,1997,5,0.178,0.132,0.168,0.174,0.139
1769,1997,6,0.303,0.302,0.278,0.343,0.36
1770,1997,7,0.265,0.112,0.248,0.13,0.19
1771,1997,8,0.332,0.182,0.288,0.191,0.261
1772,1997,9,0.371,0.302,0.368,0.296,0.311
1773,1997,10,0.45,0.392,0.388,0.418,0.432
1774,1997,11,0.393,0.412,0.328,0.422,0.439
1775,1997,12,0.395,0.352,0.378,0.389,0.342
1776,1998,1,0.381,0.362,0.348,0.373,0.33
1777,1998,2,0.655,0.662,0.608,0.59,0.578
1778,1998,3,0.441,0.402,0.378,0.418,0.413
1779,1998,4,0.542,0.402,0.478,0.542,0.484
1780,1998,5,0.474,0.452,0.408,0.511,0.478
1781,1998,6,0.483,0.532,0.408,0.529,0.531
1782,1998,7,0.565,0.452,0.478,0.459,0.533
1783,1998,8,0.497,0.422,0.428,0.482,0.509
1784,1998,9,0.292,0.182,0.268,0.229,0.251
1785,1998,10,0.299,0.212,0.238,0.211,0.259
1786,1998,11,0.19,0.252,0.158,0.207,0.259
1787,1998,12,0.364,0.322,0.328,0.376,0.358
1788,1999,1,0.239,0.242,0.248,0.233,0.222
1789,1999,2,0.475,0.422,0.418,0.419,0.425
1790,1999,3,0.118,0.112,0.118,0.122,0.085
1791,1999,4,0.216,0.092,0.198,0.17,0.134
1792,1999,5,0.137,0.082,0.158,0.086,0.074
1793,1999,6,0.165,0.132,0.168,0.168,0.177
1794,1999,7,0.18,0.142,0.148,0.138,0.152
1795,1999,8,0.12,0.082,0.118,0.103,0.122
1796,1999,9,0.197,0.172,0.138,0.202,0.166
1797,1999,10,0.145,0.152,0.118,0.134,0.149
1798,1999,11,0.133,0.142,0.118,0.127,0.171
1799,1999,12,0.262,0.192,0.328,0.227,0.189
1800,2000,1,0.116,0.002,0.088,0.087,0.05
1801,2000,2,0.341,0.332,0.288,0.34,0.332
1802,2000,3,0.274,0.342,0.298,0.324,0.272
1803,2000,4,0.371,0.332,0.378,0.385,0.337
1804,2000,5,0.171,0.132,0.208,0.168,0.13
1805,2000,6,0.162,0.172,0.158,0.196,0.204
1806,2000,7,0.153,0.162,0.138,0.142,0.205
1807,2000,8,0.245,0.192,0.198,0.241,0.235
1808,2000,9,0.204,0.172,0.178,0.203,0.212
1809,2000,10,0.117,0.042,0.048,0.04,0.066
1810,2000,11,0.052,0.092,0.008,0.082,0.127
1811,2000,12,0.049,0.052,0.068,0.106,0.069
1812,2001,1,0.249,0.192,0.218,0.264,0.222
1813,2001,2,0.211,0.212,0.138,0.241,0.248
1814,2001,3,0.402,0.322,0.378,0.357,0.374
1815,2001,4,0.354,0.272,0.318,0.373,0.302
1816,2001,5,0.31,0.342,0.348,0.349,0.295
1817,2001,6,0.311,0.312,0.278,0.321,0.294
1818,2001,7,0.356,0.372,0.308,0.34,0.347
1819,2001,8,0.397,0.252,0.348,0.242,0.348
1820,2001,9,0.323,0.312,0.248,0.319,0.352
1821,2001,10,0.313,0.272,0.248,0.288,0.314
1822,2001,11,0.505,0.462,0.438,0.47,0.571
1823,2001,12,0.275,0.322,0.258,0.432,0.395
1824,2002,1,0.546,0.512,0.438,0.538,0.508
1825,2002,2,0.595,0.522,0.528,0.482,0.482
1826,2002,3,0.593,0.672,0.538,0.686,0.649
1827,2002,4,0.352,0.332,0.318,0.44,0.364
1828,2002,5,0.319,0.402,0.308,0.438,0.374
1829,2002,6,0.363,0.322,0.338,0.327,0.333
1830,2002,7,0.383,0.382,0.368,0.345,0.43
1831,2002,8,0.345,0.302,0.288,0.311,0.362
1832,2002,9,0.316,0.402,0.308,0.405,0.355
1833,2002,10,0.303,0.322,0.228,0.369,0.387
1834,2002,11,0.342,0.342,0.338,0.309,0.36
1835,2002,12,0.217,0.202,0.188,0.304,0.24
1836,2003,1,0.492,0.492,0.438,0.556,0.522
1837,2003,2,0.351,0.312,0.308,0.348,0.347
1838,2003,3,0.342,0.342,0.318,0.346,0.347
1839,2003,4,0.329,0.312,0.308,0.387,0.334
1840,2003,5,0.365,0.372,0.348,0.415,0.364
1841,2003,6,0.346,0.242,0.288,0.257,0.287
1842,2003,7,0.367,0.302,0.288,0.305,0.341
1843,2003,8,0.441,0.422,0.368,0.416,0.473
1844,2003,9,0.428,0.412,0.388,0.436,0.459
1845,2003,10,0.504,0.512,0.478,0.499,0.53
1846,2003,11,0.349,0.292,0.328,0.292,0.352
1847,2003,12,0.481,0.502,0.488,0.549,0.505
1848,2004,1,0.399,0.352,0.348,0.396,0.385
1849,2004,2,0.505,0.492,0.468,0.477,0.472
1850,2004,3,0.424,0.412,0.448,0.382,0.368
1851,2004,4,0.369,0.392,0.338,0.426,0.371
1852,2004,5,0.203,0.172,0.198,0.161,0.195
1853,2004,6,0.214,0.202,0.218,0.187,0.169
1854,2004,7,0.251,0.012,0.228,0.013,0.13
1855,2004,8,0.286,0.212,0.258,0.211,0.3
1856,2004,9,0.33,0.272,0.278,0.278,0.318
1857,2004,10,0.356,0.402,0.368,0.357,0.393
1858,2004,11,0.496,0.472,0.508,0.439,0.49
1859,2004,12,0.247,0.272,0.258,0.305,0.266
1860,2005,1,0.441,0.482,0.368,0.551,0.503
1861,2005,2,0.288,0.332,0.268,0.43,0.384
1862,2005,3,0.457,0.472,0.438,0.544,0.505
1863,2005,4,0.503,0.442,0.478,0.55,0.5
1864,2005,5,0.41,0.402,0.408,0.461,0.406
1865,2005,6,0.444,0.422,0.418,0.453,0.415
1866,2005,7,0.439,0.412,0.408,0.362,0.406
1867,2005,8,0.43,0.382,0.368,0.393,0.45
1868,2005,9,0.466,0.522,0.438,0.486,0.521
1869,2005,10,0.506,0.532,0.438,0.547,0.569
1870,2005,11,0.519,0.482,0.478,0.47,0.523
1871,2005,12,0.354,0.422,0.368,0.543,0.47
1872,2006,1,0.275,0.332,0.208,0.427,0.361
1873,2006,2,0.463,0.452,0.368,0.584,0.522
1874,2006,3,0.353,0.382,0.348,0.458,0.385
1875,2006,4,0.299,0.262,0.268,0.382,0.316
1876,2006,5,0.297,0.232,0.298,0.319,0.294
1877,2006,6,0.41,0.402,0.378,0.406,0.403
1878,2006,7,0.378,0.282,0.368,0.232,0.31
1879,2006,8,0.427,0.462,0.368,0.504,0.503
1880,2006,9,0.395,0.382,0.378,0.374,0.396
1881,2006,10,0.461,0.432,0.428,0.456,0.488
1882,2006,11,0.432,0.462,0.388,0.469,0.512
1883,2006,12,0.583,0.502,0.508,0.598,0.567
1884,2007,1,0.72,0.712,0.628,0.761,0.739
1885,2007,2,0.459,0.462,0.408,0.517,0.509
1886,2007,3,0.409,0.452,0.408,0.477,0.429
1887,2007,4,0.479,0.502,0.478,0.629,0.557
1888,2007,5,0.34,0.422,0.358,0.458,0.409
1889,2007,6,0.312,0.342,0.278,0.363,0.387
1890,2007,7,0.331,0.362,0.268,0.367,0.439
1891,2007,8,0.332,0.332,0.298,0.359,0.416
1892,2007,9,0.347,0.362,0.318,0.324,0.369
1893,2007,10,0.359,0.332,0.308,0.388,0.418
1894,2007,11,0.283,0.312,0.258,0.339,0.411
1895,2007,12,0.233,0.222,0.238,0.276,0.269
1896,2008,1,0.05,-0.008,0.018,0.062,0.046
1897,2008,2,0.127,0.102,0.128,0.101,0.13
1898,2008,3,0.451,0.492,0.508,0.44,0.445
1899,2008,4,0.219,0.282,0.228,0.356,0.292
1900,2008,5,0.232,0.232,0.248,0.321,0.281
1901,2008,6,0.257,0.212,0.278,0.246,0.236
1902,2008,7,0.343,0.352,0.318,0.314,0.404
1903,2008,8,0.324,0.192,0.298,0.228,0.297
1904,2008,9,0.299,0.392,0.278,0.397,0.386
1905,2008,10,0.438,0.392,0.408,0.433,0.464
1906,2008,11,0.418,0.412,0.408,0.401,0.471
1907,2008,12,0.287,0.292,0.308,0.33,0.312
1908,2009,1,0.37,0.372,0.338,0.471,0.442
1909,2009,2,0.335,0.272,0.308,0.317,0.319
1910,2009,3,0.296,0.282,0.328,0.267,0.259
1911,2009,4,0.403,0.352,0.398,0.416,0.371
1912,2009,5,0.333,0.412,0.338,0.397,0.371
1913,2009,6,0.438,0.412,0.418,0.424,0.485
1914,2009,7,0.428,0.472,0.388,0.489,0.543
1915,2009,8,0.478,0.422,0.448,0.426,0.469
1916,2009,9,0.459,0.442,0.458,0.457,0.506
1917,2009,10,0.408,0.402,0.388,0.447,0.465
1918,2009,11,0.442,0.522,0.418,0.515,0.542
1919,2009,12,0.376,0.422,0.368,0.527,0.477
1920,2010,1,0.452,0.492,0.448,0.59,0.528
1921,2010,2,0.484,0.562,0.458,0.65,0.623
1922,2010,3,0.574,0.682,0.598,0.685,0.681
1923,2010,4,0.581,0.612,0.578,0.731,0.674
1924,2010,5,0.484,0.492,0.508,0.554,0.534
1925,2010,6,0.477,0.392,0.478,0.436,0.464
1926,2010,7,0.507,0.362,0.468,0.355,0.456
1927,2010,8,0.431,0.392,0.398,0.407,0.447
1928,2010,9,0.34,0.352,0.318,0.377,0.406
1929,2010,10,0.389,0.452,0.368,0.485,0.497
1930,2010,11,0.484,0.542,0.518,0.515,0.586
1931,2010,12,0.226,0.222,0.228,0.322,0.29
1932,2011,1,0.207,0.252,0.208,0.348,0.308
1933,2011,2,0.216,0.272,0.238,0.32,0.26
1934,2011,3,0.312,0.382,0.328,0.44,0.394
1935,2011,4,0.383,0.382,0.398,0.466,0.411
1936,2011,5,0.285,0.262,0.318,0.335,0.275
1937,2011,6,0.386,0.322,0.388,0.408,0.403
1938,2011,7,0.403,0.472,0.368,0.482,0.489
1939,2011,8,0.383,0.472,0.358,0.503,0.519
1940,2011,9,0.338,0.302,0.348,0.317,0.377
1941,2011,10,0.35,0.392,0.378,0.382,0.423
1942,2011,11,0.245,0.312,0.238,0.3,0.356
1943,2011,12,0.294,0.292,0.298,0.379,0.338
1944,2012,1,0.202,0.212,0.168,0.237,0.22
1945,2012,2,0.193,0.232,0.168,0.272,0.28
1946,2012,3,0.252,0.322,0.268,0.261,0.258
1947,2012,4,0.466,0.442,0.478,0.515,0.46
1948,2012,5,0.465,0.502,0.468,0.554,0.493
1949,2012,6,0.448,0.382,0.448,0.426,0.456
1950,2012,7,0.399,0.302,0.428,0.264,0.347
1951,2012,8,0.428,0.372,0.418,0.436,0.427
1952,2012,9,0.448,0.482,0.468,0.48,0.459
1953,2012,10,0.448,0.512,0.448,0.59,0.576
1954,2012,11,0.442,0.502,0.458,0.538,0.575
1955,2012,12,0.163,0.282,0.208,0.352,0.279
1956,2013,1,0.363,0.422,0.328,0.479,0.426
1957,2013,2,0.39,0.312,0.378,0.341,0.315
1958,2013,3,0.313,0.422,0.358,0.42,0.364
1959,2013,4,0.342,0.282,0.308,0.399,0.363
1960,2013,5,0.417,0.342,0.458,0.415,0.359
1961,2013,6,0.393,0.412,0.428,0.422,0.438
1962,2013,7,0.41,0.332,0.408,0.301,0.417
1963,2013,8,0.433,0.422,0.408,0.433,0.47
1964,2013,9,0.438,0.532,0.428,0.496,0.551
1965,2013,10,0.408,0.432,0.428,0.413,0.469
1966,2013,11,0.552,0.542,0.568,0.547,0.614
1967,2013,12,0.424,0.412,0.448,0.476,0.435
1968,2014,1,0.426,0.492,0.438,0.525,0.484
1969,2014,2,0.219,0.282,0.228,0.285,0.274
1970,2014,3,0.476,0.522,0.518,0.522,0.499
1971,2014,4,0.559,0.532,0.548,0.603,0.565
1972,2014,5,0.5,0.612,0.538,0.64,0.576
1973,2014,6,0.517,0.422,0.508,0.42,0.471
1974,2014,7,0.436,0.322,0.448,0.299,0.402
1975,2014,8,0.569,0.562,0.538,0.6,0.604
1976,2014,9,0.493,0.642,0.538,0.602,0.604
1977,2014,10,0.527,0.572,0.528,0.564,0.601
1978,2014,11,0.396,0.422,0.438,0.352,0.447
1979,2014,12,0.547,0.542,0.578,0.528,0.523
1980,2015,1,0.597,0.572,0.558,0.583,0.572
1981,2015,2,0.581,0.632,0.638,0.614,0.585
1982,2015,3,0.6,0.662,0.648,0.644,0.613
1983,2015,4,0.565,0.502,0.528,0.58,0.536
1984,2015,5,0.603,0.512,0.608,0.575,0.543
1985,2015,6,0.635,0.552,0.628,0.545,0.576
1986,2015,7,0.589,0.472,0.558,0.437,0.549
1987,2015,8,0.632,0.542,0.628,0.565,0.586
1988,2015,9,0.688,0.582,0.668,0.588,0.65
1989,2015,10,0.737,0.832,0.738,0.816,0.842
1990,2015,11,0.732,0.782,0.708,0.751,0.816
1991,2015,12,0.916,0.862,0.868,0.902,0.865
1992,2016,1,0.826,0.912,0.798,0.982,0.938
1993,2016,2,1.003,1.102,0.958,1.055,1.044
1994,2016,3,0.998,1.062,0.978,1.049,1.003
1995,2016,4,0.829,0.832,0.828,0.914,0.84
1996,2016,5,0.599,0.672,0.628,0.767,0.653
1997,2016,6,0.636,0.542,0.648,0.547,0.587
1998,2016,7,0.636,0.582,0.618,0.557,0.615
1999,2016,8,0.682,0.752,0.648,0.741,0.777
2000,2016,9,0.621,0.632,0.628,0.609,0.649
2001,2016,10,0.49,0.652,0.478,0.686,0.678
2002,2016,11,0.445,0.662,0.498,0.688,0.676
2003,2016,12,0.512,0.582,0.558,0.694,0.613
2004,2017,1,0.631,0.722,0.658,0.815,0.723
2005,2017,2,0.737,0.882,0.718,0.883,0.823
2006,2017,3,0.765,0.882,0.768,0.931,0.854
2007,2017,4,0.629,0.682,0.638,0.759,0.672
2008,2017,5,0.551,0.642,0.568,0.693,0.61
2009,2017,6,0.533,0.462,0.528,0.46,0.476
2010,2017,7,0.543,0.572,0.578,0.505,0.537
2011,2017,8,0.606,0.632,0.558,0.559,0.605
2012,2017,9,0.449,0.512,0.528,0.452,0.434
2013,2017,10,0.463,0.632,0.478,0.587,0.561
2014,2017,11,0.444,0.602,0.508,0.572,0.577
2015,2017,12,0.492,0.642,0.558,0.708,0.582
2016,2018,1,0.446,0.532,0.448,0.604,0.529
2017,2018,2,0.414,0.552,0.428,0.637,0.587
2018,2018,3,0.511,0.652,0.578,0.681,
2019,2018,4,,,,,
2020,2018,5,,,,,
2021,2018,6,,,,,
2022,2018,7,,,,,
2023,2018,8,,,,,
2024,2018,9,,,,,
2025,2018,10,,,,,
2026,2018,11,,,,,
2027,2018,12,,,,,
